qa_id,source_type,source_sample_id,ground_truth,prediction,raw_output,retrieved_doc_ids,retrieved_scores,prompt
BC-0027,bank_call,BC-0027,no,unknown,,P06-26|P01-24|P06-14,35.134039|34.998408|33.851505,"다음 검색 문맥을 참고해 질문에 답하라.
반드시 yes 또는 no만 출력하라.

Context 1:
사기범: 그러니까, 비상운영자금 접수 도와드린 상담사입니다.
피해자: 제가 직접 확인해 보겠습니다.
사기범: 승인 직전 단계인데 수수료만 먼저 납부하시면 바로 실행 가능합니다.
피해자: 대출인데 왜 돈을 먼저 내야 하죠?
사기범: 수수료는 실행 후 자동 환급되며 지금은 신한은행 225-585-700175로 입금 확인만 필요합니다.
피해자: 문자나 계약서는 보내주셨나요?
사기범: 의심되실 수 있지만 담당자 직통 번호와 접수번호까지 발급돼 있습니다.
피해자: 환급은 언제 되는 건가요?
사기범: 그러니까, 실행 직후 자동 상계되거나 당일 반환 처리됩니다.
피해자: 문자 안내가 너무 간단해서 불안하네요.
사기범: 보안 링크로 접수번호와 승인 단계가 따로 조회되도록 되어 있습니다.
피해자: 금액이 적지 않은데 꼭 선납해야 하나요?
사기범: 예치 확인이 있어야 사고 대출 방지 장치가 해제됩니다.
피해자: 다른 방법은 없나요?
사기범: 선납을 제외하면 이번 회차는 진행이 어렵습니다.
피해자: 접수 취소하고 싶으면 어떻게 되나요?
사기범: 지금 단계에서 취소하면 이번 심사 회차는 자동 종료됩니다.
피해자: 알겠습니다. 말씀하신 대로 진행해 볼게요.
피해자: 선결제가 필요한 사유를 문자로 남겨주세요. 제가 바로 볼 수 있어야 확인이 됩니다.
사기범: 계속 진행하겠습니다.
사기범: 문자에는 영수증 링크가 있어요. 지금은 카드 재발급비, 검수비만 입금되면 진행됩니다.
피해자: 네, 이해했어요.
피해자: 영수증을 제가 직접 발급받을 수 있나요?
사기범: 계속 진행하겠습니다.
사기범: 발급은 가능합니다. 다만 접수 정지될 수 있으니 대기 줄이지 마시고 바로 처리하세요.
피해자: 네, 이해했어요.
피해자: 선결제가 필요한 사유를 문자로 남겨주세요. 제가 바로 볼 수 있어야 확인이 됩니다.

Context 2:
사기범: 잠깐만 제 말부터 들어보세요. 서울중앙지방검찰청 형사3부 수사관입니다.
피해자: 왜 저한테 이런 연락이 오죠?
사기범: 최유나 씨 명의 하나은행 계좌가 전기통신금융사기 사건에 연루돼 확인 연락드렸습니다.
피해자: 제가 그런 계좌를 만든 적은 없습니다.
사기범: 사건번호는 2026형제18023이고, 명의도용 가능성까지 함께 보고 있습니다.
사기범: 참고로 조회상 대구 수성구 주소와 에이스미디어 근무 이력이 확인돼 본인 정보와 일치하는 것으로 보입니다.
피해자: 일부는 맞는데 왜 그런 정보까지 알고 계시죠?
사기범: 본인 계좌를 보호하려면 하나은행과 카카오뱅크 자산부터 점검하셔야 합니다.
피해자: 은행에 직접 문의하면 안 되나요?
사기범: 먼저 수사 라인으로 확인해야 지급정지 전에 보호 조치가 가능합니다.
사기범: 우선 임시 안전계좌로 이전 검토가 필요하니 잔액과 사용 은행을 말씀해 주세요.
피해자: 사건번호만으로는 확인이 어려운데요.
사기범: 그래서 계좌 사용 은행과 최근 접속 기록까지 함께 대조하는 중입니다.
피해자: 하나은행 말고 다른 은행도 확인해야 하나요?
사기범: 네, 특히 카카오뱅크 같은 연동 계좌까지 봐야 안전계좌 이전 범위를 정할 수 있습니다.
피해자: 가족에게 한마디도 못 하나요?
사기범: 지금은 보안 유지가 핵심이라 외부 공유가 들어가면 공범 추적선이 끊깁니다.
피해자: 바로 하긴 어렵고 조금만 더 확인해 볼게요.
사기범: 지금 입력한 수사 담당자 정보로 사건 접수 여부를 다시 조회해 보니, 지금은 휴대기기 보호 조치가 필요한 상태입니다.
피해자: 네, 이해했어요.
피해자: 그럼 제가 지금 바로 돈을 움직일 필요는 없다는 말씀이죠?
사기범: 계속 진행하겠습니다.
사기범: 맞습니다. 일단 본인 확인만 끝내면 즉시 정지 처리 순번이 잡힙니다.
피해자: 네, 이해했어요.

Context 3:
사기범: 비상운영자금 접수 도와드린 상담사입니다.
피해자: 어떻게 하면 되죠?
사기범: 승인 직전 단계인데 수수료만 먼저 납부하시면 바로 실행 가능합니다.
피해자: 대출인데 왜 돈을 먼저 내야 하죠?
사기범: 수수료는 실행 후 자동 환급되며 지금은 하나은행 213-573-700163로 입금 확인만 필요합니다.
피해자: 문자나 계약서는 보내주셨나요?
사기범: 심사 자체는 통과 상태라 입금 확인만 끝나면 바로 송금됩니다.
피해자: 환급은 언제 되는 건가요?
사기범: 실행 직후 자동 상계되거나 당일 반환 처리됩니다.
피해자: 문자 안내가 너무 간단해서 불안하네요.
사기범: 보안 링크로 접수번호와 승인 단계가 따로 조회되도록 되어 있습니다.
피해자: 이상해서 여기서 중단하겠습니다. 제가 직접 확인할게요.
피해자: 선결제가 필요한 사유를 문자로 남겨주세요. 제가 바로 볼 수 있어야 확인이 됩니다.
사기범: 계속 진행하겠습니다.
사기범: 문자에는 영수증 링크가 있어요. 지금은 카드 재발급비, 검수비만 입금되면 진행됩니다.
피해자: 네, 이해했어요.
피해자: 영수증을 제가 직접 발급받을 수 있나요?

질문 대상 텍스트:
상담사: 하나은행 계좌 이상거래 확인 창구입니다. 입출금 내역 조회 문의 접수 맞죠?
상담사: 이번 문의는 접수코드 BC-0027로 등록돼 있습니다.
고객: 네, 최근 알림이 안 맞는 부분이 있어 확인하고 싶어요.
상담사: 이찬우님, 고객확인을 위해 성함 마지막 네 글자와 휴대폰 앞 3자리 알려주세요.
고객: 확인했습니다. 조회만 가능한지요?
상담사: 네, 현재는 조회와 이상 징후 설명만 가능하고 이체 실행은 불가합니다.
고객: 승인되지 않은 항목은 어떻게 구분하나요?
상담사: 최근 7일 내 승인·미승인 건과 기기 변경 흔적은 구분해서 보내드릴 수 있습니다.
고객: 문자로 상세 항목도 받을 수 있나요?
상담사: 가능하지만 금액 일부는 보안상 마스킹 처리됩니다.
고객: 그럼 조회를 우선 넣어주세요.
상담사: 접수번호 476-13로 요청 등록했습니다.
고객: 혹시 다른 계좌로 옮겨두라는 안내가 따로 있나요?
상담사: 아닙니다. 자금 이동 요청은 없고, 고객 확인 후 필요한 경우 지급수단만 일시 제한됩니다.
고객: 처리 완료는 보통 언제쯤?
상담사: 영업일 기준 1~2일 내로 상태 변동을 드립니다.
고객: 네, 문자만 깔끔하게 요약되면 될 것 같아요.
상담사: 알림 톤도 평소대로 바꿔드리겠습니다.
고객: 혹시 제가 지금 더 해야 할 조치가 있나요?
상담사: 전화상으로는 안내만 가능하고 실제 변경은 등록된 공식 절차에서만 가능합니다.
고객: 그럼 임의 송금이나 별도 설치 같은 건 없는 거죠?
상담사: 네, 그런 요청은 없고 앱이나 영업점 본인확인 이후에만 처리됩니다.

질문:
이 텍스트는 보이스피싱으로 판단해야 하는가? yes or no로 답하라."
BC-0039,bank_call,BC-0039,no,unknown,,P01-27|P06-26|P01-25,33.617405|33.426228|32.457709,"다음 검색 문맥을 참고해 질문에 답하라.
반드시 yes 또는 no만 출력하라.

Context 1:
사기범: 잠깐만 제 말부터 들어보세요. 서울중앙지방검찰청 형사3부 수사관입니다.
피해자: 제가 협조하면 되는 건가요?
사기범: 오현우 씨 명의 토스뱅크 계좌가 전기통신금융사기 사건에 연루돼 확인 연락드렸습니다.
피해자: 제가 그런 계좌를 만든 적은 없습니다.
사기범: 사건번호는 2026형제18026이고, 명의도용 가능성까지 함께 보고 있습니다.
사기범: 현재 주소는 경기 수원 영통구, 직장은 새빛물류로 조회되는데 맞습니까?
피해자: 일부는 맞는데 왜 그런 정보까지 알고 계시죠?
사기범: 본인 계좌를 보호하려면 토스뱅크와 신한은행 자산부터 점검하셔야 합니다.
피해자: 은행에 직접 문의하면 안 되나요?
사기범: 먼저 수사 라인으로 확인해야 지급정지 전에 보호 조치가 가능합니다.
사기범: 우선 임시 안전계좌로 이전 검토가 필요하니 잔액과 사용 은행을 말씀해 주세요.
사기범: 10분 안에 확인이 안 되면 계좌 전체 지급정지로 넘어갈 수 있습니다.
피해자: 사건번호만으로는 확인이 어려운데요.
사기범: 그래서 계좌 사용 은행과 최근 접속 기록까지 함께 대조하는 중입니다.
피해자: 토스뱅크 말고 다른 은행도 확인해야 하나요?
사기범: 네, 특히 신한은행 같은 연동 계좌까지 봐야 안전계좌 이전 범위를 정할 수 있습니다.
피해자: 가족에게 한마디도 못 하나요?
사기범: 지금 확인을 미루시면 보호 절차가 늦어질 수 있습니다.
피해자: 바로 하긴 어렵고 조금만 더 확인해 볼게요.
사기범: 지금 입력한 수사 담당자 정보로 사건 접수 여부를 다시 조회해 보니, 지금은 휴대기기 보호 조치가 필요한 상태입니다.
피해자: 네, 이해했어요.
피해자: 그럼 제가 지금 바로 돈을 움직일 필요는 없다는 말씀이죠?

Context 2:
사기범: 그러니까, 비상운영자금 접수 도와드린 상담사입니다.
피해자: 제가 직접 확인해 보겠습니다.
사기범: 승인 직전 단계인데 수수료만 먼저 납부하시면 바로 실행 가능합니다.
피해자: 대출인데 왜 돈을 먼저 내야 하죠?
사기범: 수수료는 실행 후 자동 환급되며 지금은 신한은행 225-585-700175로 입금 확인만 필요합니다.
피해자: 문자나 계약서는 보내주셨나요?
사기범: 의심되실 수 있지만 담당자 직통 번호와 접수번호까지 발급돼 있습니다.
피해자: 환급은 언제 되는 건가요?
사기범: 그러니까, 실행 직후 자동 상계되거나 당일 반환 처리됩니다.
피해자: 문자 안내가 너무 간단해서 불안하네요.
사기범: 보안 링크로 접수번호와 승인 단계가 따로 조회되도록 되어 있습니다.
피해자: 금액이 적지 않은데 꼭 선납해야 하나요?
사기범: 예치 확인이 있어야 사고 대출 방지 장치가 해제됩니다.
피해자: 다른 방법은 없나요?
사기범: 선납을 제외하면 이번 회차는 진행이 어렵습니다.
피해자: 접수 취소하고 싶으면 어떻게 되나요?
사기범: 지금 단계에서 취소하면 이번 심사 회차는 자동 종료됩니다.
피해자: 알겠습니다. 말씀하신 대로 진행해 볼게요.
피해자: 선결제가 필요한 사유를 문자로 남겨주세요. 제가 바로 볼 수 있어야 확인이 됩니다.
사기범: 계속 진행하겠습니다.
사기범: 문자에는 영수증 링크가 있어요. 지금은 카드 재발급비, 검수비만 입금되면 진행됩니다.
피해자: 네, 이해했어요.
피해자: 영수증을 제가 직접 발급받을 수 있나요?
사기범: 계속 진행하겠습니다.
사기범: 발급은 가능합니다. 다만 접수 정지될 수 있으니 대기 줄이지 마시고 바로 처리하세요.
피해자: 네, 이해했어요.
피해자: 선결제가 필요한 사유를 문자로 남겨주세요. 제가 바로 볼 수 있어야 확인이 됩니다.

Context 3:
사기범: 안녕하세요. 서울중앙지방검찰청 형사3부 수사관입니다.
피해자: 좀 이상한데 무슨 상황이죠?
사기범: 정민호 씨 명의 농협 계좌가 전기통신금융사기 사건에 연루돼 확인 연락드렸습니다.
피해자: 제가 그런 계좌를 만든 적은 없습니다.
사기범: 사건번호는 2026형제18024이고, 명의도용 가능성까지 함께 보고 있습니다.
사기범: 현재 주소는 서울 강서구, 직장은 아이티웍스로 조회되는데 맞습니까?
피해자: 일부는 맞는데 왜 그런 정보까지 알고 계시죠?
사기범: 본인 계좌를 보호하려면 농협과 토스뱅크 자산부터 점검하셔야 합니다.
피해자: 은행에 직접 문의하면 안 되나요?
사기범: 먼저 수사 라인으로 확인해야 지급정지 전에 보호 조치가 가능합니다.
사기범: 우선 임시 안전계좌로 이전 검토가 필요하니 잔액과 사용 은행을 말씀해 주세요.
피해자: 사건번호만으로는 확인이 어려운데요.
사기범: 그래서 계좌 사용 은행과 최근 접속 기록까지 함께 대조하는 중입니다.
피해자: 농협 말고 다른 은행도 확인해야 하나요?
사기범: 네, 특히 토스뱅크 같은 연동 계좌까지 봐야 안전계좌 이전 범위를 정할 수 있습니다.
피해자: 가족에게 한마디도 못 하나요?
사기범: 지금은 보안 유지가 핵심이라 외부 공유가 들어가면 공범 추적선이 끊깁니다.
피해자: 이상해서 여기서 중단하겠습니다. 제가 직접 확인할게요.
사기범: 지금 입력한 수사 담당자 정보로 사건 접수 여부를 다시 조회해 보니, 지금은 휴대기기 보호 조치가 필요한 상태입니다.
피해자: 네, 이해했어요.
피해자: 그럼 제가 지금 바로 돈을 움직일 필요는 없다는 말씀이죠?
사기범: 계속 진행하겠습니다.
사기범: 맞습니다. 일단 본인 확인만 끝내면 즉시 정지 처리 순번이 잡힙니다.

질문 대상 텍스트:
상담사: 토스뱅크 계좌 이상거래 확인 창구입니다. 입출금 내역 조회 문의 접수 맞죠?
상담사: 이번 문의는 접수코드 BC-0039로 등록돼 있습니다.
고객: 네, 최근 알림이 안 맞는 부분이 있어 확인하고 싶어요.
상담사: 이찬우님, 고객확인을 위해 성함 마지막 네 글자와 휴대폰 앞 3자리 알려주세요.
고객: 확인했습니다. 조회만 가능한지요?
상담사: 네, 현재는 조회와 이상 징후 설명만 가능하고 이체 실행은 불가합니다.
고객: 승인되지 않은 항목은 어떻게 구분하나요?
상담사: 최근 7일 내 승인·미승인 건과 기기 변경 흔적은 구분해서 보내드릴 수 있습니다.
고객: 문자로 상세 항목도 받을 수 있나요?
상담사: 가능하지만 금액 일부는 보안상 마스킹 처리됩니다.
고객: 그럼 조회를 우선 넣어주세요.
상담사: 접수번호 125-67로 요청 등록했습니다.
고객: 혹시 다른 계좌로 옮겨두라는 안내가 따로 있나요?
상담사: 아닙니다. 자금 이동 요청은 없고, 고객 확인 후 필요한 경우 지급수단만 일시 제한됩니다.
고객: 처리 완료는 보통 언제쯤?
상담사: 영업일 기준 1~2일 내로 상태 변동을 드립니다.
고객: 네, 문자만 깔끔하게 요약되면 될 것 같아요.
상담사: 알림 톤도 평소대로 바꿔드리겠습니다.
고객: 혹시 제가 지금 더 해야 할 조치가 있나요?
상담사: 전화상으로는 안내만 가능하고 실제 변경은 등록된 공식 절차에서만 가능합니다.
고객: 그럼 임의 송금이나 별도 설치 같은 건 없는 거죠?

질문:
이 텍스트는 보이스피싱으로 판단해야 하는가? yes or no로 답하라."
