qa_id,source_type,source_sample_id,question,scenario_text,ground_truth
P01-01-Q01,voicephishing,P01-01,이 텍스트는 보이스피싱으로 판단해야 하는가? yes or no로 답하라.,"사기범: 안녕하세요. 대전지방경찰청 금융범죄수사팀 이준호 경위입니다.
피해자: 네? 무슨 일인가요.
사기범: 본인 확인부터 하겠습니다. 김민재 씨 맞으시고, NH농협 계좌와 관련된 지급정지 검토 건으로 연락드렸습니다.
피해자: 제 계좌가 왜요? 저는 그런 일을 한 적이 없는데요.
사기범: 현재 확인된 건 피해자 명의가 아니라 제3자에 의한 접근 정황입니다. 최근 거래내역 일부가 이상 패턴으로 묶여서, 참고인 통보가 나간 상태입니다.
피해자: 제가 참고인이라고요?
사기범: 네. 우선 사건번호는 2025-금수-1472번으로 접수됐고, 주소지와 직장 정보가 일부 일치하는지 대조 중입니다. 대구 수성구에 거주 중이신지 확인되나요?
피해자: 네, 주소는 맞는데요. 이런 정보는 어디서 나온 겁니까?
사기범: 통신사 연동 조회와 금융거래 추적 과정에서 자동으로 나온 자료입니다. 지금 중요한 건 본인 명의 계좌가 외부 접속에 노출됐는지 여부입니다.
피해자: 그럼 제가 뭘 하면 되죠?
사기범: 먼저, 최근 24시간 내에 알림 문자나 인증 요청을 받으신 적 있는지 확인해 주세요. 그리고 사용 중인 모바일뱅킹 앱이 정상 로그인 상태인지도 봐야 합니다.
피해자: 방금 확인해 보니, 오늘 새벽에 로그인 알림이 하나 와 있었네요.
사기범: 그렇다면 가능성이 높습니다. 당장은 입금이나 이체 같은 건 하지 마시고, 잔액 변동만 확인해 주시면 됩니다.
피해자: 잔액은 그대로인 것 같습니다.
사기범: 좋습니다. 그러면 계좌 자체를 임시 보호 등록해야 하는데, 이 절차는 일반 상담처럼 보일 수 있어도 내부 확인용입니다. 지금 안내하는 경로로만 진행하시면 됩니다.
피해자: 알겠습니다. 그런데 보호 등록하면 제 카드나 계좌가 바로 멈추는 건가요?
사기범: 일시적으로 일부 기능이 제한될 수 있습니다. 하지만 그 전에 추가 피해가 생기는 걸 막아야 해서, 지금은 저희가 연결해 드리는 담당 창구로만 접수해 주세요.
피해자: 네, 그 창구로 접수하면 되는 거죠?",yes
P01-02-Q01,voicephishing,P01-02,이 텍스트는 보이스피싱으로 판단해야 하는가? yes or no로 답하라.,"사기범: 잠시만요, 놀라실 수 있지만 절차대로 안내드리겠습니다. 대검찰청 산하 금융범죄대응팀 김도현 주임입니다.
피해자: 네? 무슨 일인가요?
사기범: 정은서 씨 명의로 개설된 하나은행 계좌가 대포통장 의심 거래에 연결돼 확인 연락드렸습니다.
피해자: 저는 그런 계좌를 따로 만든 기억이 없는데요.
사기범: 관련 사건번호는 2027형사11284번이고, 명의가 도용됐을 가능성까지 같이 보고 있습니다.
피해자: 제 이름이 정확한지 어떻게 아셨죠?
사기범: 주민등록상 주소지와 최근 근무처가 확인돼서요. 현재는 부산 해운대구 쪽 거주로 나오고, 직장은 민원플러스라고 되어 있습니다.
피해자: 거주지는 맞는데, 이런 정보까지 전화로 확인하는 게 맞나요?
사기범: 맞습니다. 다만 지금은 외부 유출 여부를 먼저 봐야 해서, 사용하시는 금융앱에 이상 로그인 흔적이 있는지 확인해 주세요.
피해자: 앱에서 제가 뭘 봐야 하죠?
사기범: 최근 접속기록과 본인 명의 계좌 목록만 보시면 됩니다. 결과를 말씀해 주시면 다음 단계로 넘어가겠습니다.
피해자: 잠깐만요, 제가 혼자 확인해 볼게요.
사기범: 좋습니다. 그리고 확인 중에는 아무 통장이나 임의로 만지지 마시고, 인증문자도 외부에 알려주시면 안 됩니다.
피해자: 네, 알겠습니다.
사기범: 방금 조회 기준으로는 계좌 보호가 우선이라, 오늘 안에 기기 인증 상태를 점검해야 합니다.
피해자: 그러면 제가 은행에 직접 전화해도 되나요?
사기범: 가능은 하지만, 지금은 수사 연동 상태라 먼저 저희 절차에 맞춰 확인하시는 게 빠릅니다.",yes
P01-03-Q01,voicephishing,P01-03,이 텍스트는 보이스피싱으로 판단해야 하는가? yes or no로 답하라.,"잠시만요. 제 말 먼저 들어주세요. 서울남부지검 금융범죄수사팀 김현우 수사관입니다.
왜 저한테 이런 연락이 온 거죠?
이수연 님 명의의 우리은행 계좌가 보이스피싱 자금 흐름에 연결된 정황이 확인돼서 연락드렸습니다.
저는 그런 계좌를 따로 개설한 적이 없는데요.
저희가 보고 있는 건 계좌 자체의 명의도용 가능성까지 포함된 건입니다. 확인된 접수번호는 2025형사9471입니다.
제가 지금 뭘 해야 하죠?
우선 본인 명의로 사용 중인 금융기관이 어디인지부터 정리해야 합니다. 우리은행 말고도 신한은행, 토스뱅크 쪽도 같이 확인 대상입니다.
그건 은행 고객센터에 바로 물어보면 안 되나요?
직접 문의하셔도 되지만, 먼저 저희가 안내하는 순서대로 본인 자산 현황을 확인하셔야 조치가 빨라집니다.
이거 왠지 이상한데요.
이상하게 느끼실 수 있습니다만, 지금은 외부에서 접근하면 오히려 조회가 지연됩니다. 현재는 휴대폰 본인인증 상태부터 살펴봐야 합니다.
휴대폰이 왜 나오죠?
명의도용 사건은 계좌뿐 아니라 기기 인증과 연동된 경우가 많아서 그렇습니다. 우선 최근 로그인 기록이 있는지 확인해 주세요.
제가 직접 확인해보겠습니다.
좋습니다. 확인 결과가 나오면 바로 보호 조치 순번을 넣을 수 있습니다.
그럼 지금 당장 돈을 어디로 옮기거나 출금할 필요는 없는 거죠?
아직은 아닙니다.
일단 본인 확인과 계좌 점검만 끝내면, 다음 단계에서 필요한 조치를 안내드리겠습니다.",yes
P01-04-Q01,voicephishing,P01-04,이 텍스트는 보이스피싱으로 판단해야 하는가? yes or no로 답하라.,"여보세요. 서울남부지검 금융범죄수사팀 김도윤 수사관입니다.
네, 말씀하세요.
문성호 씨 맞으시죠? 본인 명의로 개설된 카카오뱅크 계좌가 보이스피싱 자금 흐름에 연결된 정황이 확인돼 연락드렸습니다.
제가 그런 계좌를 따로 만든 적은 없습니다.
저희가 확인한 사건번호는 2025형제44721번이고, 명의 대여나 도용 가능성까지 함께 검토 중입니다.
잠깐만요. 제가 왜 이런 연락을 받는 거죠?
현재 등록 주소는 부산 사하구 쪽으로 보이고, 최근 근무지는 동성물류로 조회되는데 맞습니까?
주소는 맞는데 직장은 예전 곳입니다. 그런데 그런 정보는 어디서 확인하신 거예요?
개인정보 유출 경로가 있어 금융거래 연동 내역을 대조하는 중입니다. 일단은 다른 사람에게 말하지 마시고, 사용 중인 계좌가 몇 개인지 먼저 확인해 주세요.
계좌는 하나 더 있는 걸로 기억합니다. 그런데 제가 지금 뭘 해야 합니까?
바로 자금을 옮기라는 뜻은 아닙니다. 우선 최근 3개월 내 입출금 내역에서 알 수 없는 거래가 있는지 확인하시고, 보호조치 대상인지 살펴보겠습니다.
네, 통장 앱은 열어볼 수 있습니다.
확인되면 제가 안내하는 번호로 다시 조회를 넣을 겁니다. 지금은 휴대전화 본인확인 상태부터 점검해 주세요.
본인확인 상태요?
네. 그리고 방금 확인 결과, 타인 접속 흔적이 보여 일시적으로 계정 이용 제한이 걸릴 수 있습니다.
그럼 제 돈이 묶이는 건가요?
절차상 임시 조치일 뿐입니다. 제가 이어서 처리할 테니 통화는 끊지 마시고, 지금은 아무 금융앱도 추가로 실행하지 마세요.",yes
P01-05-Q01,voicephishing,P01-05,이 텍스트는 보이스피싱으로 판단해야 하는가? yes or no로 답하라.,"사기범: 잠깐 통화 가능하실까요. 서울남부지검 금융범죄수사부에서 연락드렸습니다.
피해자: 어떤 일인지 먼저 확인해 보고 말씀드릴게요.
사기범: 주민번호 뒷자리 일부와 연결된 계좌가 불법 자금 흐름에 사용된 정황이 있어 조회 중입니다.
피해자: 저는 그런 거래를 한 적이 없습니다.
사기범: 현재는 피해자 연루인지, 명의가 도용된 건지 함께 확인하는 단계입니다. 접수번호는 2027형사19876입니다.
피해자: 제 명의로 된 게 맞는지 제가 직접 은행에 물어보면 되나요?
사기범: 은행 창구로 바로 가시면 기록이 섞일 수 있어서, 우선 본인 명의 금융사 목록부터 정리하시는 게 맞습니다.
피해자: 어떤 금융사를 말하는 건가요?
사기범: 최근 사용하신 신한계좌와 토스뱅크 쪽 거래내역이 우선 확인 대상입니다. 혹시 미리 해제된 적 있는 자동이체도 있으신지요.
피해자: 아직은 잘 모르겠습니다.
사기범: 지금은 피해 확산을 막는 게 중요해서, 휴대폰에서 받은 인증문자나 알림을 임의로 누르지 마시고 그대로 두십시오.
피해자: 알겠습니다. 그러면 저는 기다리기만 하면 되나요?
사기범: 우선 본인 확인 절차를 맞춰야 해서, 가까운 시간 안에 상담 가능한 상태인지 확인하겠습니다.
피해자: 저는 지금 외부라서 바로는 어렵습니다.
사기범: 괜찮습니다. 다만 명의 조회 결과가 방금 갱신돼서, 연결된 계좌의 즉시 사용 여부를 먼저 살펴봐야 합니다.
피해자: 제 계좌를 당장 정리해야 한다는 뜻인가요?
사기범: 아직 단정은 아니지만, 안내드리는 순서대로 확인하시면 됩니다. 지금은 계좌 보호 절차가 우선입니다.",yes
P01-06-Q01,voicephishing,P01-06,이 텍스트는 보이스피싱으로 판단해야 하는가? yes or no로 답하라.,"사기범: 전화 끊지 마시고 잠시만요. 서울남부지검 사이버범죄전담팀입니다.
피해자: 네? 무슨 일인가요?
사기범: 김도윤 씨 명의로 개설된 케이뱅크 계좌가 자금세탁 사건과 연계돼 확인 연락드렸습니다.
피해자: 저는 그런 계좌를 만든 적이 없습니다.
사기범: 네, 저희도 그 부분을 확인 중입니다. 우선 명의도용인지, 대포통장 전달인지 구분해야 해서요.
피해자: 제 이름이 왜 거기서 나오죠?
사기범: 접수된 사건번호는 2025형사91244입니다. 계좌 개설 시점과 휴대전화 인증 기록이 함께 조회되고 있습니다.
피해자: 그런 건 제가 알 수가 없는데요.
사기범: 본인 확인 차원에서 여쭙겠습니다. 현재 거주지가 인천 연수구 쪽이고, 직장은 물류회사로 등록돼 있습니까?
피해자: 네, 거주지는 맞는데 직장은 바뀐 지 좀 됐습니다.
사기범: 그렇다면 최근 개인정보 유출 가능성이 높습니다. 혹시 본인 명의로 추가 금융거래가 있는지 먼저 확인해보셔야 합니다.
피해자: 어디서 확인해야 하나요?
사기범: 일단 사용 중인 주거래은행 앱에서 미확인 계좌가 있는지 조회하시고, 이상 거래가 보이면 임시 보호 조치를 걸어야 합니다.
피해자: 지금 바로 해야 하나요?
사기범: 네, 다만 급하게 움직이지 마시고 제가 안내하는 순서대로만 하시면 됩니다.
피해자: 알겠습니다. 그런데 이런 건 제가 직접 검찰청에 전화해서 확인해도 되나요?
사기범: 가능은 하지만, 지금은 사건이 전산 연동 중이라 담당자 연결까지 시간이 걸립니다. 먼저 조회부터 하시는 게 좋습니다.
피해자: 조회 결과를 말씀드리면 되나요?",yes
P01-07-Q01,voicephishing,P01-07,이 텍스트는 보이스피싱으로 판단해야 하는가? yes or no로 답하라.,"안녕하세요. 대전지방법원 등기과 박준형 실무관입니다.
네, 말씀하세요. 무슨 일인가요?
본인 명의로 접수된 민사 집행 관련 안내가 있어 연락드렸습니다. 최근 대출 조회 내역과 연동된 계좌에서 확인할 부분이 있습니다.
저는 그런 안내를 받은 적이 없는데요. 무슨 계좌를 말씀하시는 건가요?
지금은 사건 확인 단계라 전체 내용을 바로 말씀드리긴 어렵습니다. 다만 본인 확인용으로 주민등록상 주소와 근무처가 일치하는지 먼저 살펴보겠습니다.
주소는 맞을 수도 있는데, 왜 등기과에서 이런 걸 확인하죠?
서류상으로는 보이스피싱 피해 연계 계좌 검토 대상에 포함돼 있습니다. 실사용 여부와 최근 거래 패턴이 중요합니다.
피해 연계라니요? 저는 평소 거래만 했습니다.
현재 사용 중인 금융기관과 예금 잔액을 잠시 확인해 주시면, 조회 결과와 대조해서 이상 여부를 안내드리겠습니다.
제가 지금 은행 앱을 열어 봐야 하나요?
네, 그런데 이 단계에서는 출금이나 이체는 하지 마시고 잔액과 최근 입출금 기록만 확인하시면 됩니다.
알겠습니다. 화면은 열어 두겠습니다.
방금 확인한 정보로 보면, 귀하 명의로 접수된 계좌는 아직 임시 보호 조치 전 단계입니다. 연락을 늦추면 지급정지 절차로 넘어갈 수 있습니다.
그럼 제가 지금 뭘 해야 하죠?
우선 통화는 끊지 마시고, 안내하는 순서대로 본인 명의 계좌가 더 있는지 확인해 주세요. 추가로 확인되면 별도 접수번호를 드리겠습니다.
추가 계좌가 있는지는 확인해 보겠습니다.
좋습니다. 그런데 이상 자금이 섞여 있을 수 있으니, 가족 명의 계좌나 공동사용 계좌도 함께 점검해 두시는 게 안전합니다.
지금 말씀하신 걸 보면 제가 뭔가 잘못한 것처럼 들리는데, 정확히 어떤 문제인가요?",yes
P01-08-Q01,voicephishing,P01-08,이 텍스트는 보이스피싱으로 판단해야 하는가? yes or no로 답하라.,"사기범: 당황하실 수 있어서 차분히 말씀드리겠습니다. 대검찰청 사이버수사팀 박진우 조사관입니다.
피해자: 갑자기 연락을 받으니 좀 놀랐습니다. 어떤 일인가요?
사기범: 이정민 님 명의의 국민은행 계좌가 보이스피싱 자금 흐름에 연결된 정황이 포착돼 확인차 연락드렸습니다.
피해자: 저는 그런 계좌를 따로 개설한 적이 없습니다.
사기범: 저희도 그 부분을 보고 있습니다. 주민번호 일부가 도용됐을 가능성이 있어요.
피해자: 제 정보가 왜 그렇게 쓰였는지 알 수 있나요?
사기범: 현재 확인된 자료에는 부산 해운대구 거주 기록과 무역회사 재직 이력이 함께 조회됩니다. 맞으십니까?
피해자: 거주지는 맞는데 회사는 예전 직장입니다. 이런 걸 어떻게 아시죠?
사기범: 개인정보 유출 경로를 추적 중입니다. 우선 피해 확산을 막기 위해 계좌 상태부터 점검해야 합니다.
피해자: 계좌 점검이라면 제가 은행에 직접 가면 되나요?
사기범: 지금은 일반 창구보다 사건 접수 연동 절차가 우선입니다. 통화 유지해 주시면 담당 시스템에서 확인해 드리겠습니다.
피해자: 네, 일단 듣고 있겠습니다.
사기범: 확인 결과, 사용 중인 휴대폰에서 추가 인증 시도가 감지됐습니다. 본인 기기인지 점검이 필요합니다.
피해자: 제 폰에서 그런 일이요? 좀 불안하네요.
사기범: 네. 그래서 오늘은 타인 접근을 차단하고, 연결된 금융앱의 자동 로그인을 잠시 해제하셔야 합니다.
피해자: 알겠습니다. 그런데 지금 제가 바로 해야 할 일은 뭔가요?
사기범: 우선 계좌 동결 가능성을 검토해야 하니, 현재 보유 중인 금융상품과 연결된 항목을 천천히 확인해 주세요.",yes
P01-09-Q01,voicephishing,P01-09,이 텍스트는 보이스피싱으로 판단해야 하는가? yes or no로 답하라.,"잠깐만요, 끊지 마시고 제 안내부터 끝까지 들어주셔야 합니다. 금융감독원 소비자보호팀에서 연락드렸습니다.
무슨 일인데요? 이런 식으로 전화 주시면 불편합니다.
지금 귀하 이름으로 개설된 농협 계좌가 불법 자금 흐름 점검 대상에 올라와서 확인 중입니다.
저는 농협 계좌를 새로 만든 적이 없습니다.
계좌 자체는 타인이 이용했을 가능성이 있고, 최근 접속 위치와 거래 패턴이 평소와 다르게 나타났습니다.
그런 정보를 어떻게 아세요?
사건 접수번호는 2026-금보호-11742번이고, 본인 확인을 위해 주민등록상 주소와 직장 정보가 함께 조회됩니다.
주소는 인천 남동구, 근무지는 한빛테크로 보이는데 맞으신가요?
일부는 맞지만, 이런 정보로 전화하는 건 정상적인 절차 같지 않습니다.
맞다면 우선 계좌가 실제로 본인 관리 하에 있는지 확인하고, 최근 사용한 은행 앱이 있는지만 말씀해 주세요.
왜 자꾸 그런 걸 물으시죠? 저는 지금 바로 끊고 직접 은행에 확인하겠습니다.
기다려 주십시오. 시스템상 보호 대상 여부를 먼저 표시해야 해서 지금은 통화 유지가 필요합니다.
보호 대상이면 어떻게 되는 건데요?
현재 상태가 맞으면, 추가 피해를 막기 위해 거래 제한 신청이 들어가고 담당자 연결 순서가 잡힙니다.
그럼 제가 지금 당장 돈을 옮기거나 보내야 한다는 뜻은 아니죠?
아닙니다. 지금은 이동시키지 마시고, 안내하는 절차대로 본인 확인만 진행하시면 됩니다.",yes
P01-10-Q01,voicephishing,P01-10,이 텍스트는 보이스피싱으로 판단해야 하는가? yes or no로 답하라.,"안녕하세요. 대검찰청 금융범죄대응팀 이도현 팀장입니다.
네, 말씀하세요.
박지은 씨 이름으로 개설된 우리은행 계좌가 대포통장 의심 거래에 활용된 정황이 확인돼 연락드렸습니다.
제가 그런 계좌를 따로 만든 적은 없습니다.
현재 명의도용 가능성과 계좌 유출 경로를 같이 확인 중입니다. 접수번호는 2025-금융-77124로 잡혀 있습니다.
그런 일이 있었군요. 저는 어떻게 해야 하나요?
우선 본인 명의로 연결된 은행이 더 있는지, 그리고 최근에 비대면으로 개설된 계좌가 있는지 확인해야 합니다.
은행에 제가 직접 전화해서 물어보면 되는 건가요?
가능은 하지만 지금은 외부 문의보다 내부 확인 순서가 먼저입니다. 안내되는 절차대로 본인 계좌 현황부터 정리해 주세요.
알겠습니다. 확인해 보겠습니다.
그리고 오늘 중으로 휴대폰 인증 내역도 점검해야 합니다. 본인 모르게 공동인증서가 재발급됐는지도 봐야 합니다.
그런 부분까지요?
네. 지금 단계에서는 계좌 보호 조치가 최우선입니다. 사용 중인 금융앱이 있으면 로그인 기록도 확인해 주세요.
말씀하신 대로 살펴볼게요.
방금 다시 조회해 보니, 현재는 계좌가 추가 인출되기 전에 거래 제한을 걸어야 하는 상황입니다.
그럼 제가 지금 당장 돈을 옮기거나 출금할 필요는 없는 거죠?",yes
P01-11-Q01,voicephishing,P01-11,이 텍스트는 보이스피싱으로 판단해야 하는가? yes or no로 답하라.,"안녕하세요. 금융범죄수사팀 김도현 조사관입니다.
말씀을 갑자기 드려 놀라셨을 텐데, 우선 본인 확인부터 차근차근 진행하겠습니다.
네, 누구시라고요?
현재 이용 중인 휴대전화가 본인 명의로 개통된 맞는지 확인되시면 말씀해 주십시오.
제가 잘못 걸으신 줄 알았는데, 무슨 일인가요?
고객님 명의로 개설된 신한은행 계좌가 대포통장 범죄에 연결된 정황이 있어 확인 연락드렸습니다.
저는 신한은행 계좌를 거의 쓰지 않는데요.
맞습니다. 그래서 명의도용 가능성을 우선 검토하고 있습니다.
참고로 최근 등록된 주소가 인천 부평구 쪽으로 조회되고, 직장 정보는 한화생명 관련으로 확인되는데 사실과 일치합니까?
주소는 맞는데, 그걸 어떻게 아시죠?
수사기록에 자동 연동된 정보입니다. 아직 외부 유출 여부는 단정하지 않고 있습니다.
현재 단계에서는 계좌 자체를 바로 막기 전에, 연결된 금융사들을 순서대로 점검해야 합니다.
은행에 제가 직접 전화해서 확인하면 되는 거 아닌가요?
일반 고객센터보다 수사 협조 라인을 먼저 거쳐야 피해 확산을 막을 수 있습니다.
지금 확인된 건 신한은행 외에 카카오뱅크 소액이체 이력도 있어 함께 살펴봐야 합니다.
제가 그런 이체를 한 기억이 없어요.
그렇다면 본인 계정이 중간 경유지로 사용됐을 가능성이 있습니다.
우선 최근 3일 내 로그인 위치와 사용 중인 금융앱 목록만 말씀해 주시면 됩니다.",yes
P01-12-Q01,voicephishing,P01-12,이 텍스트는 보이스피싱으로 판단해야 하는가? yes or no로 답하라.,"사기범: 잠시만요, 끊지 마시고 제가 먼저 말씀드리겠습니다. 서울동부지방검찰청 금융범죄수사팀이라고 합니다.
피해자: 네? 제가 갑자기 왜 이런 연락을 받는 거죠?
사기범: 박민호 씨 명의의 국민은행 계좌가 보이스피싱 자금 추적 건에 포함돼서 사실 확인차 연락드렸습니다.
피해자: 저는 그런 거래를 한 적이 없는데요.
사기범: 현재 확인된 사건번호는 2027형금21409이고, 타인 명의 개설 가능성까지 같이 보고 있습니다.
피해자: 제 이름이 왜 거기에 들어가나요?
사기범: 최근 등록된 휴대전화 인증 이력과 주소지가 일치해서 본인 관련성 검토가 진행 중입니다.
피해자: 저는 그냥 평범하게 살고 있습니다.
사기범: 그래서 오해가 없도록 절차를 안내드리는 겁니다. 우선 신한은행과 국민은행 쪽 자금 흐름부터 확인해야 합니다.
피해자: 은행에 제가 직접 전화해 보면 안 되나요?
사기범: 지금은 수사 연계 확인이 먼저입니다. 은행으로 바로 문의하시면 계좌 보호 조치가 늦어질 수 있습니다.
피해자: 계좌 보호 조치요?
사기범: 네. 일단 조회된 정보에 따르면 대구 수성구 거주 이력과 온라인 쇼핑몰 등록 내역이 확인됩니다.
피해자: 그런 정보까지 왜 보시는 거죠?
사기범: 본인 확인 범위입니다. 개인정보가 일치하면 임시 보전 절차를 잡아야 해서요.
피해자: 제가 뭘 해야 하는데요?
사기범: 당장 송금하라는 뜻은 아닙니다. 먼저 사용 중인 은행과 최근 남은 잔액만 확인해 주세요.
피해자: 잔액까지 알려드려야 하나요?",yes
P01-13-Q01,voicephishing,P01-13,이 텍스트는 보이스피싱으로 판단해야 하는가? yes or no로 답하라.,"안녕하세요. 대검찰청 금융범죄합동수사팀이라고 합니다.
본인 성함이 이민호 씨 맞으시죠?
네, 맞는데요.
갑자기 무슨 일인가요?
최근 귀하 명의의 케이뱅크 계좌가 불법 자금 흐름과 연결된 정황이 확인돼 연락드렸습니다.
명의 도용 가능성도 함께 검토 중입니다.
제가 그런 계좌를 개설한 적은 없습니다.
이게 무슨 말씀이세요?
그래서 지금 사실관계부터 확인하려는 겁니다.
주민등록상 거주지는 인천 연수구, 현재 근무지는 에이치솔루션으로 조회되는데 맞습니까?
주소는 맞고 직장도 비슷한데,
그런 정보를 어디서 확인하신 거죠?
수사 협조 대상자에게는 기본 확인 절차가 있습니다.
또 하나, 최근 사용하시는 은행이 국민은행과 카카오뱅크로 보이는데, 맞다면 말씀해 주세요.
주로 국민은행을 씁니다.
그런데 왜 계좌까지 확인하시는 거죠?
현재 사건과 연결된 계좌가 여러 개라서,
연결 가능성을 배제하려면 전반적인 금융 이용 내역을 봐야 합니다.",yes
P01-14-Q01,voicephishing,P01-14,이 텍스트는 보이스피싱으로 판단해야 하는가? yes or no로 답하라.,"사기범: 안녕하세요. 서울남부지검 금융범죄수사팀 박준호 수사관입니다. 통화 가능하실까요?
피해자: 네? 무슨 일인가요?
사기범: 이지은 님 이름으로 개설된 신한은행 계좌가 대포통장 사건에 연계된 정황이 확인돼 연락드렸습니다.
피해자: 저는 그런 계좌를 쓴 적이 없는데요.
사기범: 그래서 지금 명의도용 가능성까지 함께 검토 중입니다. 사건 접수번호는 2026-금사-04127입니다.
피해자: 제 이름이 어떻게 들어간 거죠?
사기범: 우선 확인된 기본 인적사항을 말씀드리면, 거주지는 수원 영통 쪽이고 최근 거래 은행은 신한과 하나은행으로 보입니다. 맞습니까?
피해자: 주소는 비슷한데, 그 정보는 어디서 확인하신 거예요?
사기범: 금융감독원 연계 자료와 수사조회로 나온 내용입니다. 지금 단계에서는 외부에 알리시면 안 되고, 계좌가 추가 연동됐는지부터 점검해야 합니다.
피해자: 은행 창구에 가서 물어보면 안 되나요?
사기범: 바로 가시면 기록이 남아서 오히려 지급보류 절차가 꼬일 수 있습니다. 먼저 수사팀에서 보호조치를 걸어드려야 합니다.
피해자: 보호조치요? 그게 정확히 뭔데요?
사기범: 간단히 말하면 본인 명의 자산이 다른 계좌로 넘어가지 않도록 임시로 묶는 절차입니다. 현재 사용 중인 은행과 잔액 범위만 확인하면 진행 가능합니다.
피해자: 잔액까지 왜 말씀드려야 하죠? 좀 이상한데요.
사기범: 추적 대상 계좌와 연결 여부를 확인하려면 필요합니다. 지금 확인이 늦어지면 본인도 공범으로 오해받을 수 있어 먼저 정리해야 합니다.
피해자: 저는 일단 공식 창구에 직접 문의하겠습니다.
사기범: 잠깐만요. 지금 조회상 휴대전화 본인인증 이력이 남아 있어서, 통화 종료 전에 처리 순서를 잡아야 합니다.
피해자: 지금은 그쪽 말만 듣고 진행하지 않겠습니다.",yes
P01-15-Q01,voicephishing,P01-15,이 텍스트는 보이스피싱으로 판단해야 하는가? yes or no로 답하라.,"잠시만요. 통화 끊지 마시고 제 안내부터 들어주십시오. 서울동부지검 금융범죄합동수사팀 담당자입니다.
네, 말씀하세요. 제가 무슨 일에 연루된 건가요?
고지드릴 내용이 있습니다. 김도윤 씨 명의의 우리은행 계좌가 전자금융사기 사건과 연결되어 확인 절차가 진행 중입니다.
저는 그런 계좌를 따로 개설한 적이 없는데요.
현재 접수된 사건번호는 2025형사49721번이고, 대포통장 유통 경로와 명의대여 가능성까지 함께 검토하고 있습니다.
잠깐만요, 제 이름과 어디 사는지까지 어떻게 아세요?
주민등록상 주소가 인천 남동구로 확인되고, 최근 직장 정보는 서해유통으로 조회됩니다. 맞는지 확인이 필요합니다.
주소는 맞는데, 직장은 조금 전 회사로 바뀌었어요. 이게 왜 필요한 거죠?
본인 계좌에 이상 거래가 잡혀서 그렇습니다. 계좌 보호를 위해서는 우선 사용 중인 은행부터 정리해야 합니다.
은행에 제가 직접 가서 확인하면 안 되나요?
지금은 직접 방문보다 수사 확인이 우선입니다. 은행 창구로 가시면 지급 제한이 먼저 걸릴 수 있습니다.
그럼 제가 뭘 해야 하나요?
우선 자금 이동 여부를 파악해야 합니다. 최근 입출금이 있는 계좌와 현재 잔액을 말씀해 주십시오.
이런 식으로 개인정보를 이렇게 자세히 말씀하시는 게 맞는지 모르겠네요.
절차상 필요한 확인입니다. 지금은 임시 보호 조치 대상이라 휴대전화 인증도 따로 진행될 수 있습니다.
휴대전화 보호 조치까지요? 조금 이상한데요.
의심되실 수 있습니다만, 확인을 늦추면 계좌가 먼저 묶일 수 있습니다. 지금 바로 협조해 주셔야 합니다.
제가 당장 돈을 옮기라는 뜻은 아니죠?",yes
P01-16-Q01,voicephishing,P01-16,이 텍스트는 보이스피싱으로 판단해야 하는가? yes or no로 답하라.,"안녕하세요. 서울동부지방검찰청 금융범죄수사팀입니다.
잠깐 통화 가능하실까요? 확인드릴 내용이 있습니다.
무슨 일인가요? 갑자기 검찰청이라니 좀 당황스럽네요.
박지훈 씨 명의로 된 신한은행 계좌가 전자금융사기 관련 사건에 포함돼 있어 연락드렸습니다.
계좌 자체가 범죄에 쓰였을 가능성이 있어 본인 확인이 필요합니다.
저는 그런 계좌를 따로 문제 삼은 적이 없는데요.
제 명의로 다른 계좌가 있긴 한가요?
현재 확인된 사건 접수번호는 2025형사단11209번입니다.
명의도용 가능성까지 같이 살펴보고 있습니다.
그리고 주민등록상 주소가 인천 미추홀구, 직장 정보는 에이원테크로 조회되는데 맞으십니까?
주소는 예전 거랑 비슷한데 직장은 맞습니다.
그런데 이런 정보는 어떻게 확인하신 거죠?
수사 중인 사안이라 최소한의 기본 정보만 대조하고 있습니다.
지금은 계좌가 실제로 본인 사용인지, 아니면 타인이 접근한 흔적인지 구분하는 단계입니다.
그럼 제가 은행에 바로 전화해서 확인하면 되는 건가요?
은행 문의도 가능하지만, 먼저 수사 기록상 이상 거래 여부부터 맞춰야 합니다.
무작정 정리하면 보호 조치가 늦어질 수 있어서요.
이상 거래라면 제 다른 계좌도 영향을 받나요?",yes
P01-17-Q01,voicephishing,P01-17,이 텍스트는 보이스피싱으로 판단해야 하는가? yes or no로 답하라.,"사기범: 안녕하세요. 대검찰청 첨단범죄수사팀 최지훈 수사관입니다. 통화 가능하십니까?
피해자: 네, 무슨 일인가요?
사기범: 오늘 오전에 귀하 명의로 된 신한은행 계좌가 보이스피싱 자금 세탁 경로에 포함돼 확인차 연락드렸습니다.
피해자: 저는 그런 적이 없는데요.
사기범: 그래서 저희도 단순 연루가 아니라 개인정보 유출에 따른 명의도용 가능성으로 보고 있습니다.
피해자: 제 이름이 왜 거기에 들어가죠?
사기범: 현재 조회된 기본 인적사항이 생년월일, 과거 거주지, 직장 정보까지 일부 일치합니다.
피해자: 그건 어떻게 확인하신 건가요?
사기범: 내부 연계 조회 결과입니다. 다만 외부에 바로 문의하시면 기록이 꼬일 수 있어 우선 저희 절차부터 따라주셔야 합니다.
피해자: 은행에 먼저 물어보면 안 되는 건가요?
사기범: 지금은 안 됩니다. 상대 조직이 실시간으로 움직여서 계좌를 비우는 사례가 많습니다.
피해자: 너무 갑작스러운데요.
사기범: 이해합니다. 그래서 당장 큰 조치는 아니고, 명의로 개설된 다른 금융사 계좌가 있는지만 먼저 확인하겠습니다.
피해자: 어떤 걸 확인하라는 거죠?
사기범: 국민은행, 토스뱅크, 케이뱅크처럼 최근 자주 쓰는 계좌가 있으시면 말씀해 주세요.
피해자: 제가 지금 가진 계좌를 다 알려드려야 하나요?
사기범: 네, 보호 대상 범위를 잡아야 해서 필요합니다. 또한 안전조치 담당 부서로 이관하려면 휴대폰 본인 확인도 진행해야 합니다.
피해자: 본인 확인은 어떻게 하죠?",yes
P01-18-Q01,voicephishing,P01-18,이 텍스트는 보이스피싱으로 판단해야 하는가? yes or no로 답하라.,"잠깐만요, 말씀 중간에 끊지 마시고 들어보세요. 저는 대검찰청 금융범죄합동수사팀 박성우 수사관입니다.
지금 제 이름이 너무 갑작스럽게 들리시겠지만, 연결된 사건 때문에 연락드린 겁니다.
제가 무슨 사건인지도 모르는데요.
이선영 씨 명의의 신한은행 계좌가 대포통장 모집 건에 포함돼 확인 절차가 진행 중입니다.
저는 그런 통장을 만든 적이 없어요.
그래서 제가 먼저 확인 중입니다. 접수번호는 2027형제09431번이고, 명의도용 가능성도 같이 보고 있습니다.
잠깐만요, 어떻게 제 이름이나 계좌를 그렇게 알고 계세요?
본인 확인용 자료를 조회하면 주소와 직장 이력 일부가 나옵니다. 현재 서울 구로구 거주, 물류회사 근무로 확인되는데 맞습니까?
주소는 맞는데, 이런 정보는 어디서 나온 거죠?
지금 단계에서는 외부에 바로 문의하시면 안 됩니다. 추가 피해가 생기면 계좌가 묶일 수 있어서요.
아니, 그럼 은행에 바로 전화하면 안 되는 건가요?
아직은 안 됩니다. 수사팀과 금융기관이 동시에 움직여야 해서, 임시 보호 절차부터 잡아야 합니다.
임시 보호 절차요? 그게 정확히 뭔데요?
우선 사용 중인 은행이 어디인지, 급여통장이나 생활비 계좌가 어떤 건지 확인해야 합니다.
그 정도는 말씀드릴 수 있어요. 하나은행이랑 카카오뱅크를 주로 써요.
좋습니다. 지금 자산이 더 넓게 연동돼 있는지 확인해야 하니, 최근 3개월 내 비정상 이체나 인증 문자 받은 적 있는지도 같이 말씀해 주세요.
며칠 전에 모르는 번호로 인증번호가 왔던 적은 있는데, 그냥 스팸인 줄 알았어요.
그게 중요한 단서입니다. 본인도 모르게 기기 연동이 됐을 가능성이 있어서, 지금은 휴대기기 보호 등록이 필요합니다.",yes
P01-19-Q01,voicephishing,P01-19,이 텍스트는 보이스피싱으로 판단해야 하는가? yes or no로 답하라.,"여보세요. 금융감독원 소비자보호팀에서 연락드렸습니다.
네, 무슨 일이신가요?
현재 고객님 명의로 개설된 계좌가 대포통장 의심 거래에 포함돼 있어서 확인이 필요합니다.
제가 그런 거래를 한 적은 없는데요.
확인된 정보상으로는 본인 명의의 인터넷은행 계좌와 타행 체크카드 사용 내역이 동시에 조회되고 있습니다.
잠깐만요, 이런 연락은 처음이라 당황스럽네요.
걱정하실 필요는 없고, 우선 본인 확인부터 진행해야 합니다.
어떤 확인이 필요한가요?
최근 한 달 안에 카드 재발급이나 비밀번호 변경을 하신 적 있는지, 그리고 사용하시는 은행이 어디인지 말씀해 주세요.
카드 재발급은 없고, 주거래는 국민은행입니다.
좋습니다. 내부 조회상 서울 강서구 거주 정보와 통신사 가입 정보가 일치해서 본인 명의로 보입니다.
그럼 제 계좌가 왜 문제라는 건가요?
명의가 악용된 사례가 늘어서, 검토 절차를 거쳐야 안전하게 보호할 수 있습니다.
보호 절차요?
네. 우선 현재 상태를 유지한 채로 추가 피해 여부를 확인하고, 필요하면 임시 보호 조치를 넣습니다.
은행에 직접 전화하면 안 되나요?
은행보다 먼저 확인되는 경우가 있어야 조치가 빨라집니다. 지금은 상담 이력이 남아 있어야 합니다.
그럼 제가 뭘 하면 되죠?",yes
P01-20-Q01,voicephishing,P01-20,이 텍스트는 보이스피싱으로 판단해야 하는가? yes or no로 답하라.,"안녕하세요, 한국인터넷진흥원 사이버피해대응팀 담당자입니다.
잠깐 통화 괜찮으실까요?
어떤 일인지 먼저 말씀해 주세요.
고객님 명의로 개설된 카카오뱅크 계좌가 불법 자금 흐름 점검 대상에 포함돼서 확인 연락드렸습니다.
오인 가능성도 있어서 바로 단정하는 건 아니고, 본인 명의 사용 여부부터 살펴봐야 합니다.
저는 그런 계좌를 따로 만든 적이 없습니다.
네, 그래서 더 확인이 필요합니다.
접수된 자료에는 2025사기단속-44721번으로 기록돼 있고, 최근에 통신사 본인인증 내역과 연결된 흔적이 보입니다.
그런 정보는 어디서 확인하신 건가요? 좀 이상하네요.
현재 조회된 기본 주소가 경기 부천시 쪽이고, 직장 정보로는 세인커머스 재직 이력도 확인됩니다.
혹시 최근에 이직이나 주소 변경하신 적 있으신가요?
주소는 맞을 수도 있는데, 이런 걸 왜 전화로 묻는 거죠?
명의도용이 의심되면 계좌 보호 절차를 먼저 걸어두는 게 우선이라서 그렇습니다.
은행에 바로 문의하시면 처리 순서가 꼬일 수 있어서, 우선 수사연계 확인부터 진행해야 합니다.
은행에 직접 전화하면 안 되는 건가요?
일반 상담이 아니라 지급 관련 보호조치 단계라서요.
지금은 이용 중인 금융사 목록과 최근 이체 여부만 확인되면, 임시 차단 등록을 도와드릴 수 있습니다.
저는 여기서 그냥 끊고 제가 직접 알아보겠습니다.",yes
P01-21-Q01,voicephishing,P01-21,이 텍스트는 보이스피싱으로 판단해야 하는가? yes or no로 답하라.,"사기범: 잠시만요, 지금 끊지 마시고 말씀부터 끝까지 들어주세요. 금융감독원 조사팀에서 연락드렸습니다.
피해자: 갑자기 기관이라면서 전화하셔서 당황스럽습니다.
사기범: 김하은 님 명의로 개설된 신한은행 계좌가 불법 대포통장으로 연결된 정황이 확인됐습니다.
피해자: 저는 그런 계좌를 따로 만든 적이 없는데요.
사기범: 현재 확인된 사건번호는 2025-금융조사-4417번이고, 명의도용 여부까지 함께 점검 중입니다.
피해자: 이런 건 은행에 제가 직접 확인하면 되는 거 아닌가요?
사기범: 바로 은행 창구로 가시면 안 됩니다. 상대 측에서 인지하면 자금 흐름을 먼저 숨길 수 있습니다.
사기범: 참고로 등록 주소는 인천 연수구 쪽으로 나오고, 이전 직장 정보도 일부 일치해 본인 정보와 혼동될 가능성이 있습니다.
피해자: 그런 정보는 어디서 확인하신 거예요?
사기범: 조사망에서 자동 대조된 내용입니다. 우선 명의 보호를 위해 계좌 사용 내역부터 분리 점검해야 합니다.
피해자: 분리 점검이요?
사기범: 네, 사용 중인 은행이 신한은행 말고 하나 더 있는지, 최근 이체가 있었는지 확인이 필요합니다.
피해자: 왜 그렇게 급하게 확인해야 하죠?
사기범: 지금 단계에서는 피해 확산 차단이 우선이라서요. 외부 문의가 들어가면 연루 계좌로 더 묶일 수 있습니다.
피해자: 말이 너무 복잡해서 잘 모르겠네요.
사기범: 어렵게 생각하지 마시고, 우선 본인 명의 계좌 중 정상 사용 계좌와 의심 계좌를 나눠 적어주시면 됩니다.
피해자: 제가 일일이 말해야 하나요?
사기범: 네, 계좌 상태를 정리해야 안전 조치가 가능합니다. 잔액 확인도 같이 해야 하고요.",yes
P01-22-Q01,voicephishing,P01-22,이 텍스트는 보이스피싱으로 판단해야 하는가? yes or no로 답하라.,"안녕하세요. 서울동부지검 금융범죄합동수사팀 박현우 수사관입니다.
지금 전화받기 어려우시면 잠깐만 통화 가능하실까요?
이건 단순 안내가 아니라 본인 명의 계좌 확인 건이라서요.
저는 지금 업무 중인데, 무슨 일인가요?
김민재 씨 명의로 개설된 우리은행 계좌가 사기 거래에 쓰인 정황이 확인돼 연락드렸습니다.
혹시 본인이 서울 강서구 쪽에 사시고, 현재 직장이 도화기획 맞으신가요?
집 주소는 맞는데, 그런 정보는 어디서 확인하신 거죠?
수사 협조 과정에서 금융기관과 통신사 자료를 대조했습니다.
다만 명의가 도용됐을 가능성도 있어서, 본인 거래 내역부터 보호 조치가 필요합니다.
제가 그런 계좌를 만든 적은 없습니다.
그 부분은 저희도 확인 중입니다.
현재 사건번호는 2026형사단위18477번으로 접수돼 있고, 동일 명의의 다른 은행 계좌까지 연동 점검 대상입니다.
다른 은행까지요?
네.
보통 이런 경우엔 피해 계좌 하나만 보는 게 아니라, 연결된 거래 흔적을 같이 확인해야 합니다.
최근에 카카오뱅크나 NH농협 쪽에서 로그인 알림을 받은 적 없으십니까?
알림은 본 적이 있는 것 같아요.
그럼 외부에서 접속 시도가 있었을 가능성이 있습니다.",yes
P01-23-Q01,voicephishing,P01-23,이 텍스트는 보이스피싱으로 판단해야 하는가? yes or no로 답하라.,"사기범: 잠시만요, 놀라지 마시고 차분하게 들으시면 됩니다. 대전지방경찰청 금융범죄수사팀에서 연락드렸습니다.
피해자: 네? 무슨 일인데요?
사기범: 박현우 씨 명의로 된 하나은행 계좌가 대포통장 유통 사건에 확인돼서, 본인 확인 차원에서 전화드린 겁니다.
피해자: 저는 그런 계좌를 만든 적이 없는데요.
사기범: 그 부분도 같이 보고 있습니다. 계좌 개설 시점이 본인 인적사항과 겹쳐서 명의도용 가능성이 큽니다.
피해자: 어떻게 제 정보가 들어갔는지도 모르겠네요.
사기범: 현재 등본상 주소가 인천 부평구로 확인되고, 직장 정보가 KB손해보험 쪽으로 조회되는데 맞습니까?
피해자: 주소는 맞는데 직장은 예전 정보인데요.
사기범: 예전 정보까지 남아 있으면 연결 계좌가 있을 수 있습니다. 먼저 보호 절차를 잡아야 합니다.
피해자: 보호 절차가 뭔가요? 은행에 제가 직접 가면 안 되나요?
사기범: 직접 가시면 지급정지 전에 기록이 흩어질 수 있어서요. 수사 접수 라인에서 먼저 묶어야 안전합니다.
피해자: 그래서 제가 뭘 해야 하죠?
사기범: 현재 사용 중인 은행이랑 최근에 이체한 계좌들부터 확인해야 합니다. 국민은행, 신한은행, 농협 중 사용하신 곳 있습니까?
피해자: 국민은행이랑 농협은 쓰고 있어요.
사기범: 좋습니다. 그 두 군데 잔액 흐름을 보고 임시 보호계좌로 분리할지 판단하겠습니다.
피해자: 가족한테 확인해봐도 되나요?
사기범: 지금은 안 됩니다. 외부로 말이 새면 연루된 사람들이 먼저 빠져나가서 추적이 어려워집니다.
피해자: 좀 이상한데요.",yes
P01-24-Q01,voicephishing,P01-24,이 텍스트는 보이스피싱으로 판단해야 하는가? yes or no로 답하라.,"사기범: 통화 잠깐만 잡아주세요. 서울동부지검 금융범죄수사팀에서 연락드렸습니다.
피해자: 갑자기 검찰에서 왜 저한테 연락이 온 거죠?
사기범: 임지훈 씨 명의의 우리은행 계좌가 보이스피싱 자금 흐름과 연결돼 확인 절차가 필요합니다.
피해자: 저는 그런 계좌를 만든 적이 없는데요.
사기범: 현재 접수된 사건번호는 2025형사제9471호입니다. 명의도용 가능성도 같이 보는 중입니다.
사기범: 그리고 조회되는 주민정보상 인천 부평구 거주 이력과 예전 스타트업 재직 기록이 있어 본인 정보와 대조되고 있습니다.
피해자: 그 정보는 맞긴 한데, 그걸 왜 알고 계세요?
사기범: 우선 계좌 보호가 중요합니다. 우리은행뿐 아니라 연결된 토스뱅크 계좌도 함께 확인해야 합니다.
피해자: 제가 은행에 가서 직접 확인하면 안 되나요?
사기범: 일반 창구로 가시면 기록이 먼저 노출될 수 있어서, 수사팀 확인 후에만 정리해야 합니다.
사기범: 지금은 임시 보호 절차를 잡아야 하니, 사용 중인 금융앱이 있는지부터 말씀해 주시겠어요?
피해자: 사건번호만 듣고는 제가 뭘 해야 하는지 잘 모르겠는데요.
사기범: 네, 그래서 본인 명의 계좌 목록과 최근 로그인 흔적을 대조하는 단계입니다.
피해자: 우리은행 말고 다른 은행도 봐야 하나요?
사기범: 네. 특히 토스뱅크처럼 출금 연결이 된 계좌까지 봐야 계좌 보호 범위를 정할 수 있습니다.
피해자: 이걸 가족한테 먼저 물어보면 안 될까요?
사기범: 지금은 외부 공유를 줄여야 합니다. 정보가 퍼지면 추적선이 끊길 수 있습니다.
피해자: 너무 갑작스러워서 조금만 생각해 보고 싶어요.",yes
P01-25-Q01,voicephishing,P01-25,이 텍스트는 보이스피싱으로 판단해야 하는가? yes or no로 답하라.,"사기범: 안녕하세요. 대검찰청 금융범죄합동수사팀 담당자입니다.
피해자: 갑자기 어디라고요? 무슨 일인가요?
사기범: 김서윤 씨 명의로 개설된 우리은행 계좌가 보이스피싱 자금 흐름에 연결된 정황이 확인돼 연락드렸습니다.
피해자: 저는 그런 계좌를 만들거나 누군가에게 준 적이 없습니다.
사기범: 그래서 명의도용 여부까지 같이 확인하고 있습니다. 사건 접수 번호는 2025합수11739입니다.
피해자: 그런 번호를 말씀하셔도 제가 어떻게 알아보죠?
사기범: 우선 기본 인적사항이 맞는지부터 대조하겠습니다. 주민등록상 주소는 경기 성남시 분당구로 조회되는데 맞으십니까?
피해자: 주소는 맞아요. 그런데 왜 그런 정보를 알고 계세요?
사기범: 통신사 가입 정보와 금융거래 연계 기록이 함께 확인되는 단계라 그렇습니다. 현재 직장은 재택근무 형태의 디자인업으로 등록돼 있던데 맞습니까?
피해자: 네, 그건 맞습니다만 계속 이상하네요.
사기범: 이상해하실 수 있습니다만, 본인 계좌가 자금세탁 경로에 노출되면 지급 제한이 먼저 걸릴 수 있습니다.
피해자: 그럼 제가 지금 은행에 바로 전화하면 되는 거 아닌가요?
사기범: 일반 창구보다 수사 연계 확인이 먼저입니다. 금융사에 바로 말씀하시면 오히려 처리가 지연될 수 있습니다.
피해자: 어떤 걸 확인하라는 건데요?
사기범: 현재 사용 중인 주거래 은행과 최근 일주일 내 비대면 이체 여부를 확인해야 합니다. 연동된 증권 계좌나 간편결제도 같이 봐야 합니다.
피해자: 저는 농협이랑 카카오뱅크 정도만 써요.
사기범: 좋습니다. 그 두 계좌의 잔액 규모와 최근 해외접속 알림이 있었는지만 말씀해 주시면 보호 조치 우선순위를 잡겠습니다.
피해자: 잔액까지 말해야 하나요? 좀 불안한데요.",yes
P01-26-Q01,voicephishing,P01-26,이 텍스트는 보이스피싱으로 판단해야 하는가? yes or no로 답하라.,"잠시만요, 당황하실 수 있어서 차분하게 말씀드리겠습니다. 서울동부지방검찰청 금융범죄수사팀 담당자입니다.
제가요? 어디서 전화하신 건지 다시 말씀해 주세요.
지금 ○○○ 님 명의의 케이뱅크 계좌가 사기 이용 계좌로 접수돼 확인 중입니다.
그런 계좌를 만든 적은 없는데요.
네, 그래서 본인 명의 도용 가능성까지 함께 보는 중입니다. 사건번호는 2025형사단98741입니다.
이상하네요. 제가 최근에 은행에서 그런 연락을 받은 적은 없어요.
조회상으로는 부산 해운대구 주소와 프리랜서 계약 이력이 확인돼서, 기본 인적사항이 일부 일치합니다.
그 정보는 맞지만, 왜 수사기관에서 제 주소와 경력을 알고 있죠?
범죄에 활용된 계정인지 확인하려면 우선 거래 은행과 연결된 다른 계좌부터 점검해야 합니다.
제가 은행에 먼저 물어보면 되는 거 아닌가요?
지금 바로 외부로 문의가 들어가면 상대방이 인지하고 자금을 옮길 수 있어요. 그래서 먼저 내부 확인 절차를 밟아야 합니다.
그럼 제가 뭘 하면 되는데요?
우선 사용 중인 은행 이름과 최근 이체 내역 여부만 알려주시면 됩니다.
그 정도는 말씀드릴 수는 있는데, 제 계좌를 어떻게 보호한다는 건가요?
현재는 임시 보호 조치 대상이라, 확인되는 계좌들을 묶어서 안전계좌 전환 가능성을 검토합니다.
그런데 가족이나 은행 상담센터에 같이 문의해도 안 되나요?
지금은 비공개로 진행해야 추적선이 유지됩니다. 다른 사람에게 알리면 공범 쪽으로 경보가 갈 수 있습니다.
알겠습니다. 그런데 정말 수사기관 맞으신 거죠?",yes
P01-27-Q01,voicephishing,P01-27,이 텍스트는 보이스피싱으로 판단해야 하는가? yes or no로 답하라.,"사기범: 통화 끊지 마시고 먼저 듣고 계세요. 대검찰청 금융범죄합동수사팀에서 연락드렸습니다.
피해자: 제가 무슨 일에 연루됐다는 건가요?
사기범: 김도윤 씨 명의의 카카오뱅크 계좌가 대포통장 의심 건으로 접수돼 확인 중입니다.
피해자: 저는 그런 계좌를 따로 만든 적이 없는데요.
사기범: 그래서 명의도용 가능성까지 열어두고 있습니다. 접수번호는 2026-금융-4419입니다.
피해자: 왜 제 정보까지 알고 계시죠?
사기범: 현재 거주지는 부산 해운대구 쪽으로 확인되고, 최근 직장도 동해운수로 조회됩니다. 맞으십니까?
피해자: 일부는 맞는데 이런 정보는 어디서 확인한 거예요?
사기범: 본인 보호를 위해 우선 계좌 사용 현황을 확인해야 합니다. 카카오뱅크 외에 농협이나 우리은행도 함께 쓰시죠?
피해자: 은행에 제가 직접 문의하면 안 되나요?
사기범: 지금은 은행 민원보다 수사 협조가 먼저입니다. 이미 지급 제한 사전 단계로 넘어갈 수 있어서요.
피해자: 제가 뭘 어떻게 해야 하는데요?
사기범: 우선 최근 3일간 이체 내역과 출금한 은행을 말씀해 주시면, 보호 대상 계좌를 분리해 드리겠습니다.
피해자: 그런 걸 여기서 말해야 하나요?
사기범: 예, 지금 확인이 지연되면 자동 보호 절차가 들어가서 본인 계좌까지 묶일 수 있습니다.
피해자: 가족이나 회사에 알려도 되는 일인가요?
사기범: 아직은 외부 공유하지 마시고, 저희가 조회한 내용이 맞는지만 먼저 확인하십시오. 최근 카카오뱅크에서 신한 쪽으로 자주 이동한 기록이 보입니다.
피해자: 맞긴 한데, 왜 그렇게 상세한 기록을 알고 계시죠?",yes
P01-28-Q01,voicephishing,P01-28,이 텍스트는 보이스피싱으로 판단해야 하는가? yes or no로 답하라.,"사기범: 안녕하세요. 대검찰청 금융범죄합동수사팀 담당자입니다.
피해자: 네? 무슨 일인가요.
사기범: 김서연 님 이름으로 개설된 신한은행 계좌가 대포통장 의심 거래에 연결돼 있어서 연락드렸습니다.
피해자: 저는 그런 계좌를 만든 적이 없는데요.
사기범: 현재 사건번호는 2026합수11409로 접수돼 있고, 명의도용 여부까지 같이 확인 중입니다.
피해자: 제 이름이 왜 거기 나오는 거죠?
사기범: 조회된 기본 인적사항에 부천시 주소와 스타트업 재직 이력이 보입니다. 본인 정보와 일부 일치합니다.
피해자: 주소는 맞는데, 그걸 어떻게 아셨죠?
사기범: 유출된 신분정보가 계좌 생성에 사용된 것으로 보입니다. 우선 피해 확산 여부부터 점검하셔야 합니다.
피해자: 그럼 제가 은행에 가서 확인하면 되는 건가요?
사기범: 아직은 직접 방문보다 수사 기록과 계좌 흐름을 먼저 대조해야 합니다. 그래야 정지 전 조치가 가능합니다.
피해자: 정지라니요, 제 돈이 묶이는 건가요?
사기범: 우선 보호 절차를 검토하는 단계입니다. 사용 중인 금융사와 최근 입출금 내역을 확인해야 합니다.
피해자: 저는 신한은행 말고는 주거래가 없는데요.
사기범: 혹시 카카오뱅크나 농협 쪽에 연동된 자동이체가 있으면 함께 봐야 합니다. 연결 계좌도 피해 대상일 수 있습니다.
피해자: 이런 걸 전화로 다 얘기해야 하나요?
사기범: 네, 본인 확인을 위해 필요한 범위만 조회 중입니다. 지금은 외부로 알리면 조사 선이 끊길 수 있습니다.
피해자: 가족한테도 말하면 안 된다는 건가요?",yes
P01-29-Q01,voicephishing,P01-29,이 텍스트는 보이스피싱으로 판단해야 하는가? yes or no로 답하라.,"사기범: 전화 연결이 늦어 죄송합니다. 대검찰청 금융범죄합동수사팀 이현우 계장입니다.
피해자: 갑자기 검찰이라니요, 무슨 일인가요?
사기범: 김민수 씨 명의의 우리은행 계좌가 보이스피싱 자금 전달 경로에 포착돼서 확인 연락드렸습니다.
피해자: 저는 그런 계좌를 개설한 적이 없는데요.
사기범: 현재 접수된 사건은 2026형제24719호이고, 명의 도용 가능성도 함께 검토 중입니다.
피해자: 어떻게 제 이름과 사건번호를 그렇게 바로 아시죠?
사기범: 기본 인적사항은 전산 대조로 확인됩니다. 등록 주소는 인천 연수구 쪽으로 나오고, 최근 거래처는 카카오뱅크 이용 이력이 확인되는데 맞으십니까?
피해자: 주소는 맞는데, 제 거래정보를 왜 검찰이 갖고 있죠?
사기범: 이미 피해 확산 단계라서 본인 계좌가 타인에게 이용됐는지부터 좁혀봐야 합니다.
피해자: 은행에 제가 직접 물어보면 되는 거 아닌가요?
사기범: 지금은 직접 문의하시면 계좌가 먼저 묶일 수 있어서, 수사 확인 절차를 거친 뒤 안내드려야 합니다.
사기범: 우선 최근 3개월 내 사용한 은행명과 잔액 범위를 알려주시면 보호조치 가능 여부를 확인하겠습니다.
피해자: 그런 정보를 전화로 말해도 되는 건가요?
사기범: 본인 명의 계좌인지 확인하는 기본 절차입니다. 확인이 늦어지면 연결된 계좌가 순차 정지될 수 있습니다.
피해자: 좀 더 차분하게 설명해 주세요.
사기범: 먼저 사실관계만 대조합니다. 이후 필요하면 안전조치용 계좌 이동 여부를 검토하게 됩니다.
피해자: 안전조치용 계좌요? 그게 무슨 뜻이죠?
사기범: 지금 단계에서는 외부 접근을 막는 임시 보관 개념으로 보시면 됩니다. 오늘 안에 확인이 끝나야 합니다.",yes
P01-30-Q01,voicephishing,P01-30,이 텍스트는 보이스피싱으로 판단해야 하는가? yes or no로 답하라.,"잠시만요, 지금 바로 끊지 마시고 말씀을 들어주셔야 합니다. 서울남부지검 금융범죄수사팀 김도윤 수사관입니다.
갑자기 왜 검찰에서 전화가 오죠? 무슨 일인가요?
박서연 님 명의의 신한은행 계좌가 대포통장 연루 의심으로 접수되어 확인 연락드렸습니다.
저는 그런 계좌를 만든 적이 없는데요.
현재 사건은 2026형사21477번으로 잡혀 있고, 명의가 도용됐을 가능성까지 같이 보고 있습니다.
어떻게 제 이름과 사건번호를 그렇게 바로 말씀하실 수 있죠?
기초 대조가 끝난 상태라서요. 거주지는 경기 하남 쪽으로 확인되고, 최근에 교육기관 관련 업무를 보신 걸로 나옵니다. 맞습니까?
일부는 맞는데, 그걸 왜 알고 계신 건가요?
본인 계좌가 범죄에 이용된 정황이 있어서 우선 피해 확산 여부부터 확인해야 합니다.
그럼 은행에 제가 직접 물어보면 안 되나요?
지금은 외부로 먼저 문의하시면 추적 대상이 자금 이동을 감지할 수 있어요.
저는 그런 말이 좀 믿기지 않네요.
그래서 바로 돈을 보내라는 게 아니라, 우선 연결된 계좌가 더 있는지 확인하는 단계입니다. 신한은행 외에 우리은행이나 지역농협 사용 내역도 있습니까?
계좌는 여러 개 있긴 한데, 왜 그런 걸 알아야 하죠?
연계 계좌까지 봐야 일시 보전 조치 대상이 정리됩니다. 최근 3일 내 로그인 흔적이나 새 기기 접속이 있었는지도 확인이 필요합니다.
제가 지금 바로 확인할 수는 있는데, 가족한테 먼저 물어봐도 되나요?
아직은 비공개로 두셔야 합니다. 수사 정보가 새면 관련자가 움직일 수 있어서요.
그럼 제가 뭘 하면 되죠?",yes
P02-01-Q01,voicephishing,P02-01,이 텍스트는 보이스피싱으로 판단해야 하는가? yes or no로 답하라.,"사기범: 김민재 씨 본인 맞으시죠. 본인 확인과 관련된 건으로 즉시 연결됐습니다, 통화는 끊지 마세요.
피해자: 네, 무슨 일이에요?
사기범: 현재 개인정보가 포함된 사건이 접수돼서요. 우선 조용한 환경에서만 절차를 진행해야 합니다.
피해자: 지금 회사인데요.
사기범: 회사 내부에서는 타인에게 노출될 수 있습니다. 자리에서 벗어나서 외부로 이동해 주세요.
피해자: 왜 꼭 나가야 하죠?
사기범: 조사 내용이 아직 공개되면 안 되는 단계라서요. 주변 직원이 들으면 절차가 중단됩니다.
피해자: 어디로 가야 해요?
사기범: 집도 가족이 함께 있을 수 있으니 권하지 않습니다. 근처에 혼자 있을 수 있는 카페나 숙박시설 같은 곳이 낫습니다.
피해자: 통화는 계속 해야 하나요?
사기범: 네, 이어진 상태로 이동하셔야 합니다. 이동 중에도 말씀을 줄여 주시고, 이어폰으로 전환해 주세요.
피해자: 알겠습니다. 그런데 이게 무슨 사건이죠?
사기범: 현재 명의 사용 내역을 대조 중인데, 고객님 정보와 일치하는 흔적이 있습니다. 아직은 사실관계 확인 단계입니다.
피해자: 제가 뭘 잘못한 건 아닌가요?
사기범: 그래서 바로 설명드리려는 겁니다. 우선 혼자 있는 곳으로 가셔서 추가 안내를 받으셔야 합니다.
피해자: 이동하면 다음엔 뭐하죠?
사기범: 잠시 후 담당 부서와 연결해 드릴 텐데, 그 전에 주변에 사람 없는지 확인하고 음성은 작게 유지해 주세요.
피해자: 네, 지금 나가볼게요.",yes
P02-02-Q01,voicephishing,P02-02,이 텍스트는 보이스피싱으로 판단해야 하는가? yes or no로 답하라.,"사기범: 김민재 씨 본인 맞으십니까. 지금 명의도용 관련 확인 절차가 진행 중이라 통화는 끊으시면 안 됩니다.
피해자: 네, 제가 맞는데 무슨 일인가요?
사기범: 계좌 연동 정보가 외부로 넘어간 흔적이 보여서요. 우선 주변에 들리지 않게 조용한 곳에서만 말씀하셔야 합니다.
피해자: 제가 지금 회사에 있는데요. 여기서 얘기하면 안 되나요?
사기범: 회사 내부에서는 동료나 안내 데스크를 통해 정보가 새어 나갈 수 있습니다. 자리를 잠시 비우는 게 안전합니다.
피해자: 어디로 가라는 건가요?
사기범: 사람이 적은 장소가 좋습니다. 예를 들면 근처 카페의 안쪽 자리나 차량 안처럼 대화가 분리되는 곳이요.
피해자: 왜 이렇게 급하게 이동해야 하죠?
사기범: 현재 사용 중인 번호와 최근 결제 내역이 일치해서 본인 확인은 됐습니다. 다만 추가 확인 전까지는 제3자 접촉을 막아야 합니다.
피해자: 제3자 접촉이요?
사기범: 네, 가족이나 직장에 먼저 알리면 조사 절차가 꼬일 수 있습니다. 오늘은 혼자만 알고 계셔야 합니다.
피해자: 그럼 제가 지금 어디로 가면 되는지 말씀해 주세요.
사기범: 외부 소음이 없는 곳으로 이동하신 뒤, 화면 잠금은 유지한 채 통화만 연결해 두시면 됩니다.
피해자: 이동하는 동안 계속 통화해야 하나요?
사기범: 그렇습니다. 이동 중에도 끊지 말아 주세요. 지나가는 사람에게는 업무 전화라고만 하시면 됩니다.
피해자: 알겠습니다. 그런데 이게 진짜 기관 절차가 맞나요?
사기범: 접수번호와 담당 부서가 이미 연동되어 있습니다. 지금부터는 안내를 받아야 하니 혼자 판단하지 마시고요.
피해자: 네, 일단 조용한 곳으로 옮겨볼게요.",yes
P02-03-Q01,voicephishing,P02-03,이 텍스트는 보이스피싱으로 판단해야 하는가? yes or no로 답하라.,"사기범: 정민호 씨 본인 맞으십니까. 계좌 명의 확인 절차가 진행 중이라 지금은 통화를 끊으시면 안 됩니다.
피해자: 갑자기 이런 연락은 왜 오죠?
사기범: 최근 접수된 정보유출 건과 연결돼서 확인이 필요합니다. 우선 본인 동선부터 분리해야 하니 주변에 가족이나 동료가 있으면 바로 자리를 옮겨 주세요.
피해자: 지금 회사 근처인데, 여기서요?
사기범: 네. 사무실에 계시면 내부 연락이 섞일 수 있습니다. 가능하면 근처 카페 말고 조용한 곳으로 이동해 주세요.
피해자: 무슨 일인지 정확히 설명해 주시죠.
사기범: 현재 주민등록상 주소와 실제 근무지가 함께 조회되고 있습니다. 이런 경우에는 외부 개입이 생기기 전에 먼저 본인 확인을 마쳐야 합니다.
피해자: 제가 뭘 잘못한 건가요?
사기범: 아직 잘못으로 단정된 건 아닙니다. 다만 가족에게 먼저 알리시면 기록이 엇갈릴 수 있어서, 절차가 끝날 때까지는 주변에 말하지 마세요.
피해자: 집에도 못 가나요?
사기범: 당장은 추천하지 않습니다. 집으로 이동하면 가족 연락이 연결될 수 있어요. 잠시 혼자 있을 수 있는 장소를 찾으신 뒤 통화를 유지해 주십시오.
피해자: 좀 수상한데요.
사기범: 의심하실 수 있습니다. 그래서 더더욱 공개된 장소보다 개인 공간이 필요합니다. 화면을 보지 말고 통화만 유지해 주세요.
피해자: 회사에 있는 사람들한테도 말하지 말아야 하나요?
사기범: 네, 누설되면 확인이 지연됩니다. 지금은 조용히 이동만 하시고, 도착하시면 제가 다음 안내를 드리겠습니다.
피해자: 어디로 가야 하는지 알려주세요.
사기범: 숙박 가능한 곳이나 외부와 분리된 공간이면 됩니다. 이동하실 때는 목적지를 크게 말하지 마시고, 운전자에게도 상세한 위치는 숨겨 주세요.
피해자: 이렇게까지 해야 합니까?",yes
P02-04-Q01,voicephishing,P02-04,이 텍스트는 보이스피싱으로 판단해야 하는가? yes or no로 답하라.,"사기범: 박서현 씨 본인 맞으시죠. 지금 명의도용 관련 확인 절차가 진행 중이라 통화를 끊으시면 안 됩니다.
피해자: 네, 맞긴 한데 무슨 일인가요?
사기범: 우선 안심하시라고 말씀드리면, 아직 최종 확정은 아니고 접속 기록과 계좌 연계 여부를 대조하는 단계입니다.
피해자: 제 정보가 왜 조회되는 거죠?
사기범: 최근에 본인 명의로 비정상 로그인 시도가 잡혔고, 사용 장소가 회사와 겹쳐 보여서 내부 유출 가능성까지 함께 보고 있습니다.
피해자: 회사 안에서 얘기하면 안 된다는 건가요?
사기범: 네. 현재 근무지로 되어 있는 곳은 서울 마포 쪽으로 확인되는데, 주변 동료가 들으면 조사가 새어 나갈 수 있습니다.
사기범: 가능하면 사무실 밖으로 바로 나오시고, 근처 카페나 조용한 공간으로 이동해 주세요.
피해자: 꼭 지금 나가야 하나요?
사기범: 가족이나 지인이 있는 집으로 가시면 본인 확인 과정이 꼬일 수 있습니다. 우선 혼자 있는 곳이 필요합니다.
피해자: 알겠습니다. 그럼 밖으로 잠깐 이동할게요.
사기범: 좋습니다. 그리고 이동하실 때는 목적지를 크게 말씀하지 마시고, 통화는 계속 켜 둔 상태로 유지해 주세요.
피해자: 네, 그런데 이게 진짜 수사 관련인가요?
사기범: 그렇습니다. 지금은 정보 일치 여부를 확인하는 단계라서, 사용 중인 통신사와 최근 결제 내역만 대조하면 됩니다.
피해자: 제 카드 사용 내역도 보이나요?
사기범: 네, 일부 가맹점 이용 흔적이 확인됐고 본인 명의와 맞아 떨어져서 일단 동일인 가능성이 높습니다.
사기범: 다만 혼선이 생기지 않도록 지금은 조용한 곳에서 대기하셔야 하고, 다음 안내가 오기 전까지 다른 연락은 받지 마세요.
피해자: 네, 일단 근처로 이동해서 다시 듣겠습니다.",yes
P02-05-Q01,voicephishing,P02-05,이 텍스트는 보이스피싱으로 판단해야 하는가? yes or no로 답하라.,"사기범: 김서윤 씨 본인 맞으시죠. 본인 확인됐고, 지금은 명의도용 관련 조사 협조 절차라서 통화가 끊기면 안 됩니다.
피해자: 갑자기 무슨 조사라는 건지 이해가 안 되는데요.
사기범: 당황하실 수 있는데, 지금 고객님 정보가 외부에서 조회된 흔적이 있어서 본인 동의 없이 접근한 정황을 확인 중입니다.
피해자: 그걸 왜 제가 바로 믿어야 하죠?
사기범: 현재 등록된 직장 정보가 판교 쪽 IT업체로 잡혀 있습니다. 사무실에서는 제3자 노출 위험이 있어 자리에서 벗어나셔야 합니다.
피해자: 지금 근무 중인데 나가라고요?
사기범: 네, 내부망이나 동료가 들으면 안 됩니다. 정황상 오늘 중 추가 확인이 필요해서 조용한 곳으로 이동하셔야 합니다.
피해자: 왜 이렇게 비밀스럽게 해야 하죠?
사기범: 거주지로 바로 가시면 주변 사람과 대화가 섞일 수 있으니, 일단 혼자 있는 공간이 우선입니다. 편의점 옆 휴게공간이나 인적 적은 장소가 좋습니다.
피해자: 가족한테 물어보면 안 되나요?
사기범: 아직은 안 됩니다. 이 단계는 외부 공유를 최소화해야 해서요. 본인만 아는 상태에서 확인을 마쳐야 합니다.
피해자: 계속 말은 하시는데 정식 기관 맞는지는 모르겠어요.
사기범: 이해합니다. 그래서 지금은 수사 협조 안내만 드리고, 기록 확인 후에 담당 창구로 연결해드릴 겁니다.
피해자: 그러면 제가 뭘 해야 하죠?
사기범: 우선 이동하면서 주변 소음을 줄여 주세요. 블루투스 연결도 끊고, 통화는 귀에 대고 유지하시면 됩니다.
피해자: 지금 차 안이라 잠깐 말소리가 클 수도 있어요.
사기범: 괜찮습니다. 다만 목적지는 기사나 주변인에게 크게 말하지 마시고, 도착하시면 바로 다시 연락 주셔야 합니다.",yes
P02-06-Q01,voicephishing,P02-06,이 텍스트는 보이스피싱으로 판단해야 하는가? yes or no로 답하라.,"사기범: 김도윤 씨 본인 맞으십니까. 본인 확인과 관련된 민원 절차가 진행 중이라 우선 통화를 끊지 말아 주셔야 합니다.
피해자: 네, 누구시죠?
사기범: 금융감독 관련 접수 건입니다. 개인정보가 외부로 새면 안 돼서 지금은 조용한 곳에서만 안내 가능합니다.
피해자: 제가 지금 회사에 있는데, 여기서 말씀드려야 하나요?
사기범: 사무실에서는 동료가 들을 수 있어 곤란합니다. 특히 내부 회람 전에 확인이 되면 절차가 복잡해집니다.
피해자: 그럼 어디로 가야 하나요?
사기범: 집은 권하지 않습니다. 가족과 연락이 닿으면 혼선이 생길 수 있어서, 근처 카페처럼 대화가 적은 곳이나 빈 회의실이 더 낫습니다.
피해자: 무슨 민원인데 그렇게 조심해야 해요?
사기범: 최근 사용하신 통신기기와 카드 결제 이력이 본인 정보와 맞물려 조회되고 있습니다. 일단 명의 확인부터 해야 합니다.
피해자: 저는 그런 걸 한 적이 없는데요.
사기범: 그래서 더 서둘러야 합니다. 지금은 확인만 진행하는 단계라서, 우선 주변에 들리지 않는 곳으로 자리를 옮겨 주십시오.
피해자: 이동하면서도 통화는 계속해야 하나요?
사기범: 네. 끊기면 담당 부서로 다시 연결되기까지 시간이 오래 걸립니다. 이어폰으로 바꾸시고 휴대폰은 화면만 보이게 해 주세요.
피해자: 알겠습니다. 그런데 이게 진짜 맞는지 조금 의심되는데요.
사기범: 의심하실 수 있습니다. 다만 오늘 안에 본인 확인이 안 되면 임시 제한이 걸릴 수 있어 먼저 위치부터 정리해 주세요.
피해자: 제가 지금 편의점 앞에 있는데 안쪽으로 들어가면 되나요?
사기범: 네, 사람 적은 곳으로요. 그리고 주변에 계신 분들께는 업무 통화라고만 말씀하십시오.
피해자: 지금 들어왔습니다.",yes
P02-07-Q01,voicephishing,P02-07,이 텍스트는 보이스피싱으로 판단해야 하는가? yes or no로 답하라.,"사기범: 김도윤 씨 본인 맞으신지 확인합니다. 지금 신원 확인 대상 건으로 연결됐고 통화는 잠시 끊으시면 안 됩니다.
피해자: 네, 제 이름은 맞는데 무슨 일인지 좀 불안하네요.
사기범: 현재 계좌정보와 휴대폰 명의가 외부에 사용된 정황이 있어 조사 협조가 필요합니다. 우선 주변에서 말이 새지 않는 곳으로 이동해 주세요.
피해자: 지금 회사 사무실인데, 여기서 나가야 하나요?
사기범: 그렇습니다. 직장 내에서 얘기하면 동료들에게 노출될 수 있어서, 바로 복도나 외부로 이동하시면 안 됩니다. 지정된 조용한 장소로만 가셔야 합니다.
피해자: 집으로 가면 되는 건가요?
사기범: 가족이나 지인이 있는 곳은 피하셔야 합니다. 현재는 통화 내용이 유출되면 안 되는 단계라 혼자 있는 공간이 필요합니다.
사기범: 혹시 최근에 은행 앱을 새로 설치하셨거나 카드 결제 알림을 받으신 적 있습니까? 기본 확인 절차입니다.
피해자: 지난주에 카드 결제 문자 몇 번 받긴 했어요. 그게 문제인가요?
사기범: 가능성이 있습니다. 일단 이동 중에는 누구에게도 말하지 마시고, 통화는 이어 둔 채로 자리를 옮겨야 합니다.
피해자: 어디로 가는 게 좋죠?
사기범: 공용 공간보다는 혼자 머물 수 있는 곳이 좋습니다. 택시를 타신다면 목적지를 크게 말하지 말고, 기사에게도 들리게 설명하지 마세요.
피해자: 알겠습니다. 일단 밖으로 나가서 조용한 곳 찾을게요.
사기범: 지금은 주변 소음도 위험합니다. 휴대폰은 스피커 대신 일반 통화로 유지하시고, 다른 사람과는 대화하지 마십시오.
피해자: 네, 지금 혼자 이동 중입니다.
사기범: 좋습니다. 이동이 끝나면 본인 확인을 더 진행하겠습니다. 다른 번호로 걸려오는 전화는 받지 마세요.
피해자: 혹시 이걸 안 따르면 어떻게 되나요?
사기범: 절차가 지연될 수 있습니다. 우선 안전하게 혼자 계신 위치만 확보해 주시면 다음 안내를 이어드리겠습니다.",yes
P02-08-Q01,voicephishing,P02-08,이 텍스트는 보이스피싱으로 판단해야 하는가? yes or no로 답하라.,"김서윤 씨 본인 맞으십니까. 지금 개인정보 악용 사건으로 확인 절차가 진행 중이라 통화가 끊기면 안 됩니다.
왜 제 번호로 이런 연락이 온 거죠?
현재 명의가 연결된 계좌와 최근 접속 이력이 외부 유출 경로와 겹칩니다. 우선 통화 상태를 유지한 채 주변에서 떨어져 주셔야 합니다.
제가 지금 회사에 있는데, 여기서 나가야 하나요?
네. 근무지에 남아 있으면 담당자와 동선이 겹칠 수 있습니다. 동료들이 질문하면 업무상 외부 확인 중이라고만 말씀하세요.
그렇게까지 해야 하는 이유가 있나요?
지금은 사건 관련자에게 연락이 닿을 가능성을 줄여야 해서요. 집으로 바로 가시면 가족 명의까지 함께 노출될 수 있습니다.
그럼 어디로 가라는 건가요?
사람이 적은 카페나 소규모 숙박업소처럼 조용한 곳이 좋습니다. 이동 중에는 방문 목적을 자세히 말하지 마시고요.
지금 제 정보가 정말 맞는지 먼저 확인해 주세요.
조회 결과로는 휴대전화 가입 정보, 최근 결제 내역, 거주지 인근 기록이 일치합니다. 그래서 일반 문의가 아니라 보호 절차로 보셔야 합니다.
보호 절차요?
네. 외부 노출을 막기 위해 통화는 계속 유지하고, 화면은 잠금 해제 상태로 두신 채 이동하셔야 합니다.
회사에서 바로 빠져나가면 이상하게 보일 텐데요.
짧게 화장실이나 외근으로 처리하시면 됩니다. 중요한 건 지금 누군가에게 위치가 알려지지 않게 하는 겁니다.
알겠습니다. 그런데 왜 스피커는 끄라고 하시죠?
주변 대화가 녹취에 섞이면 추가 확인이 어렵습니다. 이어폰으로 전환하시고 조용한 곳에서만 말씀해 주세요.
지금 바로 움직이면 되는 거죠?",yes
P02-09-Q01,voicephishing,P02-09,이 텍스트는 보이스피싱으로 판단해야 하는가? yes or no로 답하라.,"사기범: 김도윤 씨 본인 맞으시죠. 본인확인 건이 들어와서 지금은 통화 끊지 말고 계셔야 합니다.
피해자: 무슨 일인데요? 이런 전화 처음 받는데요.
사기범: 고객님 명의가 외부 조회에 올라가 있어서 절차를 먼저 맞춰야 합니다. 주변에 사람 있으면 바로 혼선이 생길 수 있어요.
피해자: 지금 회사인데요. 왜 주변을 신경 써야 하죠?
사기범: 현재 등록된 근무처가 청담아이티로 확인됩니다. 사무실 내에서는 동료에게 말이 새면 안 되니 우선 자리에서 벗어나셔야 합니다.
피해자: 갑자기 나가라는 게 이해가 안 됩니다.
사기범: 주소지는 인천 남동구로 떠 있습니다. 귀가하시면 가족이 통화 내용을 듣게 될 가능성이 높아서 집으로는 가지 마세요.
피해자: 그럼 어디로 가라는 거예요?
사기범: 사람이 적은 카페 뒤쪽이나 근처 숙박업소 로비처럼 조용한 곳이 좋습니다. 이동하실 때는 목적지를 크게 말씀하지 마세요.
피해자: 지금 이게 진짜 공공기관 절차 맞아요?
사기범: 확인 절차상 고객님 통신사와 최근 결제 내역, 그리고 사용 패턴이 본인 정보와 맞는지 대조 중입니다.
피해자: 대체 제 정보를 어떻게 알고 있죠?
사기범: 지금은 세부 설명보다 본인 분리 조치가 먼저입니다. 가족이나 회사와 연결되면 추가 확인이 지연됩니다.
피해자: 이상한데, 일단 잠깐 밖으로 나가볼게요.
사기범: 좋습니다. 이동하신 뒤에는 화면을 밝게 두지 말고 통화는 그대로 유지해 주세요.
피해자: 밖으로 나왔습니다. 어디까지 해야 하나요?
사기범: 주변 소음이 적은 곳에 앉으신 뒤, 안내되는 숫자 확인을 먼저 받으셔야 합니다.
피해자: 숫자요? 어떤 숫자인가요?",yes
P02-10-Q01,voicephishing,P02-10,이 텍스트는 보이스피싱으로 판단해야 하는가? yes or no로 답하라.,"사기범: 본인 성함이 김도윤 씨 맞으시죠. 지금 금융거래 확인 절차와 연계된 사안이라 통화가 끊기면 안 됩니다.
피해자: 네, 그런데 무슨 일인가요?
사기범: 현재 타인 명의 이용 정황이 확인되어 본인 진술을 먼저 받아야 합니다. 지금 계신 곳이 직장인지 확인됩니다.
피해자: 네, 사무실입니다.
사기범: 사무실 내에서는 제3자에게 내용이 들릴 수 있으니 바로 자리를 옮겨야 합니다.
피해자: 지금 바로 나가야 하나요?
사기범: 네. 동료와의 접촉이 있으면 사건 정보가 외부로 흘러갈 수 있어요. 잠깐 바깥 복도나 사람 없는 곳으로 이동하세요.
피해자: 집으로 가면 되나요?
사기범: 아직은 안 됩니다. 자택 주소지가 확인되는데, 그쪽으로 가면 가족이나 주변인이 통화 내용을 들을 가능성이 큽니다.
피해자: 그럼 어디로 가야 하죠?
사기범: 조용한 카페 구석 자리나 근처 숙박시설 로비처럼 혼자 있을 수 있는 공간이 좋습니다. 이동하실 때는 목적지를 크게 말씀하지 마세요.
피해자: 알겠습니다.
사기범: 그리고 지금부터는 이어폰으로만 듣고, 스피커 모드는 끄셔야 합니다. 녹취가 진행 중이라 주변 잡음도 최소화해 주세요.
피해자: 네, 그렇게 하겠습니다.
사기범: 좋습니다. 이동하신 뒤에 본인 확인 질문 몇 가지를 먼저 진행할게요.
피해자: 네, 빨리 옮기겠습니다.
사기범: 이동 중에는 가족에게도 설명하지 마세요. 누설되면 조사가 중단될 수 있습니다.",yes
P02-11-Q01,voicephishing,P02-11,이 텍스트는 보이스피싱으로 판단해야 하는가? yes or no로 답하라.,"사기범: 김민재 씨 본인 맞으십니까. 금융정보 유출 건으로 확인할 사항이 있어 통화가 유지돼야 합니다.
피해자: 무슨 일인지 잘 모르겠는데요. 왜 저한테 연락이 온 거죠?
사기범: 현재 사용 중인 계좌와 휴대폰 인증 기록이 함께 확인됐습니다. 외부 노출 가능성이 있어 지금은 혼자 계신지 먼저 확인해야 합니다.
피해자: 저 지금 회사 근처인데요. 회사에서 전화 받으면 안 되나요?
사기범: 사무실에서는 동료나 행정팀이 들을 수 있어 절차상 부적절합니다. 우선 자리에서 잠시 벗어나 조용한 곳으로 이동해 주세요.
피해자: 굳이 나가야 하나요? 그냥 여기서 하면 안 돼요?
사기범: 이동 경로도 중요합니다. 집으로 바로 가시면 가족이 계실 수 있으니, 편의점 안쪽이나 외부 소음이 적은 공간이 더 안전합니다.
피해자: 가족한테 말하면 안 되는 건가요?
사기범: 지금 단계에서는 본인 확인 전까지는 누구에게도 알리지 않는 게 맞습니다. 특히 배우자나 직장 동료에게 공유되면 조사 기록이 꼬일 수 있습니다.
피해자: 조사라고 하셨는데, 제가 뭘 잘못했나요?
사기범: 잘못을 단정하는 단계는 아닙니다. 다만 최근에 본인 명의로 통신사 변경 이력과 카드 승인 흔적이 겹쳐 보여서, 본인 여부를 먼저 확인 중입니다.
피해자: 그럼 제가 지금 뭘 하면 되죠?
사기범: 통화는 끊지 마시고, 문자나 메신저 확인은 모두 멈추십시오. 이동 중에는 화면도 보지 마시고 소리도 낮춰 주세요.
피해자: 왜 이렇게 비밀스럽게 해야 하죠?
사기범: 외부에서 알게 되면 명의 보호 절차가 지연됩니다. 지금은 일단 조용한 장소로 이동한 뒤, 본인 확인 절차만 이어가면 됩니다.
피해자: 제가 지금 택시를 타고 있는데, 기사님한테 목적지를 말해야 하나요?
사기범: 너무 자세히 말하지 마시고 가까운 지점까지만 안내하세요. 수사 관련 사항이 새어나가면 본인에게 불리하게 기록될 수 있습니다.
피해자: 수사라니 더 불안한데요. 회사 메일이나 가족 연락은 해도 되나요?",yes
P02-12-Q01,voicephishing,P02-12,이 텍스트는 보이스피싱으로 판단해야 하는가? yes or no로 답하라.,"사기범: 여보세요, 박소연 씨 본인 맞으십니까. 지금 본인 확인이 필요해서 통화는 끊지 말고 그대로 유지해 주세요.
피해자: 네, 저 맞는데요. 무슨 일인가요?
사기범: 현재 계좌와 휴대폰 사용 내역이 금융범죄 연계 대상에 올라 있어요. 우선 조용한 곳으로 바로 이동하셔야 합니다.
피해자: 금융범죄요? 저 그런 거 한 적 없는데요.
사기범: 그래서 조사 협조 단계입니다. 지금은 본인 주변에 누가 있는지 알리면 안 됩니다. 가족이나 동료에게도 말씀하지 마세요.
피해자: 왜 숨겨야 하죠?
사기범: 관련자가 연락을 받으면 증거 정리나 입맞춤이 될 수 있어서요. 특히 집이나 직장에 계시면 통화 내용이 노출됩니다.
피해자: 지금 사무실인데, 일단 어디로 가야 하나요?
사기범: 회사 건물 안에 계시면 안 됩니다. 가장 가까운 카페나 사람 없는 야외 쪽으로 잠깐 이동하세요. 가능하면 출입문 밖에서 다시 말씀해 주세요.
피해자: 근데 팀장님한테는 말해야 하지 않나요?
사기범: 아직 안 됩니다. 내부 관계자에게 알리면 사건이 커질 수 있어요. 지금은 혼자 움직이셔야 합니다.
피해자: 알겠습니다. 그런데 정확히 어떤 건지 좀 알려주세요.
사기범: 본인 명의로 개통된 번호가 타인과 연결된 흔적이 확인됐고, 자금 흐름도 일부 겹칩니다. 다만 이 단계에선 외부 노출을 막는 게 우선입니다.
피해자: 제가 뭘 하면 되나요?
사기범: 먼저 휴대폰 화면 자동잠금은 풀지 말고, 통화는 계속 유지한 채로 이동하세요. 메시지 확인이나 메신저 사용도 잠시 멈추셔야 합니다.
피해자: 집에 가면 안 되나요?
사기범: 아직은 안 됩니다. 집으로 가면 가족이 묻거나 휴대폰을 볼 가능성이 있어서요. 임시로 머무를 수 있는 조용한 곳이 필요합니다.
피해자: 너무 갑작스러운데요.",yes
P02-13-Q01,voicephishing,P02-13,이 텍스트는 보이스피싱으로 판단해야 하는가? yes or no로 답하라.,"사기범: 최은서 씨 본인 맞으시죠. 지금 명의 사용 내역 관련해 확인 중이라 통화는 끊으시면 안 됩니다.
피해자: 네? 무슨 일인가요.
사기범: 현재 본인 이름으로 개통된 회선이 타인 사건에 연결돼서, 조사 보존 차원에서 즉시 단독 응답이 필요합니다.
피해자: 제가 직접 신청한 건 아닌데요.
사기범: 그래서 확인하는 겁니다. 지금 계신 곳이 사무실이면 동료에게 들리지 않게 바로 자리를 옮기셔야 합니다.
피해자: 지금 밖에 나가야 하나요?
사기범: 네. 최근 근무지로 확인된 곳이 서울 금천구 쪽이라 내부에서 계속 통화하면 기록이 섞일 수 있습니다.
사기범: 건물 복도나 편의점처럼 사람 많은 곳 말고, 혼자 있을 수 있는 장소로 이동해 주세요.
피해자: 왜 그렇게까지 해야 하죠?
사기범: 가족이나 지인과 접촉되면 계좌 접근 경로가 노출될 수 있어서입니다.
사기범: 특히 집으로 바로 가시면 가족 명의까지 같이 확인 절차가 들어갈 수 있습니다.
피해자: 제가 지금 회사에 말해도 되나요?
사기범: 아직은 안 됩니다. 회사 메신저, 문자, 이메일 모두 잠시 멈추시고 이 통화만 유지하세요.
사기범: 이동하시는 동안 다른 앱은 열지 마시고 화면 잠금 상태로 두십시오.
피해자: 그럼 어디로 가야 하나요?
사기범: 가까운 무인텔이나 조용한 카페 쪽이 낫습니다. 기사에게도 정확한 목적지는 말하지 마세요.
피해자: 제 정보가 정말 연루된 건가요?
사기범: 주민번호와 최근 결제 패턴이 일치합니다. 다만 본인 직접 사용인지, 도용인지 분리 확인하면 됩니다.",yes
P02-14-Q01,voicephishing,P02-14,이 텍스트는 보이스피싱으로 판단해야 하는가? yes or no로 답하라.,"사기범: 김서진 씨 본인 맞으시죠. 현재 개인정보 유출 연계 건으로 확인 절차가 진행 중이라 통화가 끊기면 안 됩니다.
피해자: 네, 무슨 일인가요?
사기범: 먼저 본인 확인부터 하겠습니다. 최근에 휴대폰 개통 내역과 카드 사용 기록이 맞물려 조회되고 있습니다.
피해자: 제가 뭘 잘못한 건가요?
사기범: 아직 확정된 건 아닙니다. 다만 계좌와 통신 기록이 동시에 열람되는 중이라 외부에 말이 새면 절차가 꼬입니다.
피해자: 그럼 제가 어떻게 해야 하죠?
사기범: 지금 계신 곳이 사무실이면 주변에 동료가 있을 수 있어서 안 됩니다. 조용한 장소로 즉시 이동해 주세요.
피해자: 왜 굳이 이동해야 하나요?
사기범: 조사 내용이 민감해서 현재 위치에서 계속 말하면 누군가 들을 수 있습니다. 엘리베이터나 복도처럼 소음 많은 곳은 피하시고요.
피해자: 집으로 가면 안 되나요?
사기범: 집에는 가족이 계실 가능성이 있어서 안 됩니다. 특히 같은 주소지에서 연락이 이어지면 보안상 문제가 생깁니다.
피해자: 그럼 어디로 가야 하죠?
사기범: 가까운 카페 말고, 사람 적은 숙소 로비나 차량 안처럼 혼자 있는 공간이 좋습니다. 기사에게도 자세한 용도는 설명하지 마세요.
피해자: 이렇게까지 해야 하는 이유가 있나요?
사기범: 현재 조회상 김서진 씨 명의로 신규 결제 시도 흔적이 잡혀 있습니다. 본인 동의 여부를 확인해야 해서 통화 유지가 중요합니다.
피해자: 가족이나 직장에 물어봐도 되나요?
사기범: 지금은 안 됩니다. 주변 사람에게 알리면 참고인 확인 단계로 넘어가는 데 시간이 더 걸리고, 경우에 따라 오해가 생길 수 있습니다.
피해자: 제가 직접 은행에 전화해 볼까요?",yes
P02-15-Q01,voicephishing,P02-15,이 텍스트는 보이스피싱으로 판단해야 하는가? yes or no로 답하라.,"사기범: 여보세요. 박서준 씨 본인 맞으시죠. 지금 본인 확인과 관련된 조사 협조가 필요해서 통화는 끊지 마셔야 합니다.
피해자: 네? 무슨 일인가요.
사기범: 최근 계좌 조회와 명의 사용 내역이 동시에 잡혔습니다. 상담 절차처럼 들릴 수 있지만 지금은 외부에 알려지면 안 되는 단계입니다.
피해자: 왜 제가요?
사기범: 현재 직장 정보가 동남운송으로 확인되는데, 사무실 안에서는 제삼자에게 들릴 수 있어서 우선 자리를 옮겨야 합니다.
피해자: 회사에서 바로 나가야 하나요?
사기범: 네, 바로요. 일단 휴게실이나 로비도 안 됩니다. 사람 없는 곳으로 이동하셔야 하고, 주변 직원에게도 이유를 말하지 마십시오.
피해자: 집으로 가면 안 되나요?
사기범: 거주지 쪽은 가족이나 지인이 접촉할 가능성이 커서 피하셔야 합니다. 오늘은 오히려 조용한 숙박업소나 혼자 있는 공간이 안전합니다.
피해자: 이게 진짜 수사랑 관련된 건가요?
사기범: 맞습니다. 사용 중인 통신 정보와 최근 결제 패턴이 본인 명의와 맞물려 있어 확인이 필요한 상황입니다.
피해자: 누구한테 말하면 되죠?
사기범: 누구에게도 먼저 말씀하지 마세요. 특히 배우자나 직장 동료, 그리고 연락 잦은 지인에게 알리면 조사 대상이 넓어질 수 있습니다.
피해자: 그럼 지금 뭘 해야 하죠?
사기범: 우선 이동을 시작하시고, 이동 중에도 통화는 유지합니다. 문자나 메신저는 잠시 모두 꺼두세요. 화면에 남는 기록도 안 됩니다.
피해자: 잠깐만요, 팀장님한테는 연락해도 안 되나요?
사기범: 안 됩니다. 지금은 공유하시면 안 되는 단계입니다. 내부 누설로 판단되면 협조 의사와 별개로 절차가 불리해질 수 있습니다.
피해자: 알겠습니다. 어디로 가면 되죠?",yes
P02-16-Q01,voicephishing,P02-16,이 텍스트는 보이스피싱으로 판단해야 하는가? yes or no로 답하라.,"사기범: 김수현 씨 본인 맞으시죠. 지금 계좌 관련 확인 건이 있어 통화가 연결된 상태를 유지하셔야 합니다.
피해자: 네? 무슨 일인지 먼저 말씀해 주세요.
사기범: 간단한 민원 확인처럼 들리실 수 있지만, 현재 개인정보 유출 연계 조사에 포함돼 있어요. 지금은 혼자 계신 장소로 잠깐 이동해 주시는 게 좋습니다.
피해자: 왜 굳이 이동해야 하죠?
사기범: 주변에서 대화가 들리면 오해가 생길 수 있고, 안내 과정이 복잡해집니다. 우선 회사 안이면 자리에서 벗어나 외부로 나와 주세요.
피해자: 지금 근무 중이라 바로는 어려운데요.
사기범: 남아 계시면 내부 사람에게 상황이 알려질 가능성이 있습니다. 오늘은 집으로 바로 가지 마시고, 잠깐 머물 수 있는 조용한 곳을 먼저 찾아야 합니다.
피해자: 가족한테 전화해서 물어봐도 돼요?
사기범: 아직은 안 됩니다. 지인에게 알리면 정보가 흩어져서 확인이 늦어지고, 본인 계정 보호 조치도 지연될 수 있습니다.
피해자: 어떤 정보가 확인된 건데요?
사기범: 사용 중인 통신번호와 최근 결제 흔적이 맞물려서 본인 명의 가능성이 높습니다. 다만 타인이 개입했을 수 있어, 지금은 외부 노출을 줄여야 합니다.
피해자: 제가 혼자 있어야 한다는 건가요?
사기범: 네, 최소한 잠시 동안은 혼자 있는 환경이 필요합니다. 이동하실 때도 통화는 끊지 말고, 메신저나 문자 확인은 잠시 멈춰 주세요.
피해자: 이렇게까지 해야 하나요? 좀 이상한데요.
사기범: 절차상 그렇습니다. 특히 회사 동료나 가족에게 먼저 말하면 조사 방향이 바뀔 수 있어서, 안내가 끝날 때까지는 누구와도 공유하지 마세요.
피해자: 일단 밖으로 나가 보겠습니다.
사기범: 좋습니다. 이동하실 때 목적지는 크게 말하지 마시고, 주변 소음이 적은 곳에 도착하면 바로 말씀해 주세요.
피해자: 지금 나가고 있어요.",yes
P02-17-Q01,voicephishing,P02-17,이 텍스트는 보이스피싱으로 판단해야 하는가? yes or no로 답하라.,"사기범: 김도윤 씨 본인 맞으시죠. 지금 금융감독원 연계 사건으로 확인 중이라 통화는 계속 유지하셔야 합니다.
피해자: 갑자기 무슨 사건이라는 건가요?
사기범: 본인 명의가 사용된 계좌 흐름이 잡혀서, 오늘 안에 확인 절차를 밟아야 합니다. 우선 주변에 들리지 않게 조용한 곳으로 이동해 주세요.
피해자: 지금 회사에 있는데 왜 자리를 옮겨야 하죠?
사기범: 회사 네트워크나 사내 회선은 로그가 남아 수사 협조가 어려울 수 있습니다. 외부에서만 안내가 가능합니다.
피해자: 안내가 왜 이렇게 비밀스럽죠?
사기범: 현재 등록된 주소가 인천 남동구 쪽으로 확인되는데, 그쪽으로 바로 이동하시면 가족이나 지인 접촉 가능성이 있어 통화 내용이 퍼질 수 있습니다.
피해자: 가족한테 얘기하면 안 된다는 건가요?
사기범: 네, 오늘은 절대 알리지 마십시오. 특히 배우자나 직장 동료에게 말이 새면 본인 확인 전에 절차가 꼬일 수 있습니다.
피해자: 그럼 어디로 가라는 겁니까?
사기범: 사람 적은 카페나 단기 숙소처럼 잠시 머무를 수 있는 곳이 좋습니다. 이동하실 때는 목적지를 크게 말하지 말고, 메신저도 잠시 끄세요.
피해자: 계속 통화하라는 이유가 뭔데요?
사기범: 지금은 본인 인증 단계가 진행 중이라 끊기면 처음부터 다시 접수해야 합니다. 끊지 말고 그대로 있으셔야 합니다.
피해자: 제가 직접 은행에 전화해 보면 안 되나요?
사기범: 지금은 일반 창구보다 전담 라인으로만 처리됩니다. 임의 문의를 넣으면 기록이 엇갈려서 오히려 불리해질 수 있습니다.
피해자: 그래도 너무 이상한데요.
사기범: 이상하게 느껴지실 수 있지만, 먼저 거주지와 동선만 분리해 주시면 됩니다. 현재 보호자 연락처도 확인돼 있어서 노출되면 안 됩니다.
피해자: 일단 밖으로 나가볼게요.",yes
P02-18-Q01,voicephishing,P02-18,이 텍스트는 보이스피싱으로 판단해야 하는가? yes or no로 답하라.,"사기범: 최윤서 씨 본인 맞으시죠. 지금 명의도용 관련 사실확인 절차로 연결된 상태라 통화를 끊으면 안 됩니다.
피해자: 갑자기 무슨 일인가요? 이거 혹시 이상한 거 아닌가요?
사기범: 이상한 게 아니라, 통신사 조회에서 본인 정보와 일치하는 사용 내역이 잡혀서 확인 중입니다. 우선 혼자 계신 곳으로 옮겨 주세요.
피해자: 왜 혼자 있어야 하죠?
사기범: 주변에 누가 있으면 얘기가 새어 나갈 수 있습니다. 지금은 회사나 집처럼 사람 많은 곳은 피하시고 조용한 장소로 이동하셔야 합니다.
피해자: 저는 지금 카페 근처인데요.
사기범: 카페도 사람들 오가서 안 됩니다. 가능하면 근처 숙박시설 로비나 한적한 공간으로 들어가세요. 이동하는 동안에도 통화는 유지하십시오.
피해자: 가족한테 잠깐 말해도 되나요?
사기범: 오늘은 절대 안 됩니다. 특히 가족이나 직장 지인에게 알리면 절차가 지연되고, 본인 확인이 더 어려워집니다.
피해자: 제가 회사에 있는데 지금 바로 나가야 하나요?
사기범: 네, 사무실 안에서는 안 됩니다. 내부에서 통화가 들리면 불필요한 오해가 생길 수 있어서요. 자연스럽게 자리를 비우시면 됩니다.
피해자: 너무 갑작스러운데요.
사기범: 이해합니다. 다만 지금은 카드 사용 패턴과 접속 지역이 겹쳐서 본인 명의 사용으로 보이는 부분이 있습니다. 그 부분만 빠르게 정리하면 됩니다.
피해자: 제 카드랑 휴대폰 정보가 왜 여기서 나오죠?
사기범: 수사 협조 과정에서 조회된 겁니다. 본인 확인이 끝나면 다음 담당자가 이어서 안내할 예정입니다. 그 전까지는 메신저나 문자 확인도 잠시 멈춰 주세요.
피해자: 그러면 어디로 가야 하나요?
사기범: 가까운 곳 중에 혼자 앉을 수 있는 자리로 이동하세요. 택시를 타면 기사에게 목적지는 자세히 말하지 마시고, 통화는 계속 켜 두시면 됩니다.
피해자: 그렇게까지 해야 하나요?",yes
P02-19-Q01,voicephishing,P02-19,이 텍스트는 보이스피싱으로 판단해야 하는가? yes or no로 답하라.,"사기범: 김도윤 씨 본인 맞으시죠. 지금 명의도용 관련 확인 절차가 진행 중이라 통화가 끊기면 안 됩니다.
피해자: 네? 무슨 일인데요?
사기범: 우선 기본 인적사항부터 맞는지 보겠습니다. 현재 직장 주소가 테크노밸리 쪽으로 조회되는데, 그 위치에서 말씀드리기엔 민감합니다.
피해자: 회사에서 통화하면 안 되는 건가요?
사기범: 네. 내부 회선이나 주변 동료에게 들리면 확인 절차가 바로 중단될 수 있습니다. 잠시 자리에서 벗어나 주세요.
피해자: 지금 나가야 하나요?
사기범: 그렇습니다. 가능하면 건물 밖이나 사람이 적은 곳으로 이동하시고, 엘리베이터나 복도에서는 다른 분들께 상황을 설명하지 마십시오.
피해자: 집으로 가면 되나요?
사기범: 오늘은 자택으로 바로 들어가시는 건 권하지 않습니다. 가족과 접촉하면 정보가 퍼질 수 있어서요.
피해자: 그럼 어디로 가라는 거죠?
사기범: 근처에 카페나 조용한 휴게공간이 있으면 좋습니다. 그곳에서 혼자 있는 상태로 이어서 확인하겠습니다.
피해자: 누구한테도 말하면 안 되는 건가요?
사기범: 네, 특히 배우자나 가까운 지인에게 먼저 얘기하시면 오히려 조사에 혼선이 생길 수 있습니다.
피해자: 제 휴대폰으로 문자 보내면 안 되나요?
사기범: 문자, 메신저, 메일 전부 잠시 중지해 주세요. 지금은 통화만 유지하셔야 합니다.
피해자: 지금 회의 중이라 바로 나가기가 애매한데요.
사기범: 이해합니다만, 자리를 오래 비우면 추가 확인이 늦어집니다. 잠깐 화장실이나 외부 계단 쪽으로 이동하셔도 됩니다.
피해자: 왜 이렇게 급한 건가요?",yes
P02-20-Q01,voicephishing,P02-20,이 텍스트는 보이스피싱으로 판단해야 하는가? yes or no로 답하라.,"사기범: 박지은 님 본인 맞으시죠. 금융정보 유출 관련해서 오늘 안에 확인 절차가 필요합니다.
피해자: 네? 갑자기 무슨 일인가요?
사기범: 지금 귀하 명의로 개설된 계좌가 비정상 접속 이력과 연결돼 있어, 초기 진술이 중요합니다.
피해자: 저는 그런 적 없는데요.
사기범: 그래서 더더욱 외부에 알리면 안 됩니다. 현재 담당 부서에서 단독 확인 중입니다.
피해자: 어디서 확인하죠?
사기범: 우선 지금 계신 곳이 회사인지 주거지인지 말씀해 주시고, 주변에 누가 있는지도 확인 부탁드립니다.
피해자: 저는 회사 근처 카페예요. 사람은 좀 있어요.
사기범: 그럼 자리를 그대로 두시면 안 됩니다. 대화가 새면 상황이 커질 수 있어요.
피해자: 왜 그렇게까지 조심해야 하죠?
사기범: 귀하 정보가 연루된 건 단순 조회가 아니라 내부 연계 기록입니다. 동료나 가족에게 먼저 말하면 오히려 절차가 꼬입니다.
피해자: 그럼 저는 뭘 하면 되나요?
사기범: 일단 조용한 장소로 이동해 주세요. 택시를 타시면 목적지는 구체적으로 말하지 마시고요.
피해자: 이게 진짜 공식 절차 맞나요?
사기범: 네, 지금은 안내 단계입니다. 카드 사용 내역과 최근 접속 지역이 일치하는지만 우선 대조하고 있습니다.
피해자: 제가 바로 은행에 가면 되나요?
사기범: 은행 창구는 아직 가지 마십시오. 외부 상담이 먼저 들어가면 기록이 엇갈릴 수 있습니다.
피해자: 주변 사람한테 물어봐도 안 되나요?",yes
P02-21-Q01,voicephishing,P02-21,이 텍스트는 보이스피싱으로 판단해야 하는가? yes or no로 답하라.,"사기범: 김태윤 씨 본인 맞으시죠. 지금 개인정보 유출 관련 확인 건이 있어 통화는 끊지 마셔야 합니다.
피해자: 어디서 제 이름을 아셨어요? 이거 이상한데요.
사기범: 확인되는 정보가 있어요. 현재 회사가 한강유통으로 잡혀 있고, 외부 노출되면 안 되는 단계라 사무실에서는 잠시 벗어나셔야 합니다.
피해자: 왜 제가 자리를 비워야 하죠?
사기범: 사내 자리에서 계속 계시면 동료가 듣게 되고, 그 상태로는 본인 확인 절차를 진행하기 어렵습니다.
피해자: 그러면 어디로 가라는 거예요?
사기범: 집 주소가 서울 관악구 봉천동으로 확인됩니다. 가족이 있거나 주변에 사람이 많으면 통화 내용이 새어 나갈 수 있으니 조용한 곳으로 이동하세요.
피해자: 가족한테 물어보면 안 되나요?
사기범: 오늘 건은 외부 공유 금지입니다. 특히 배우자나 지인에게 바로 말하면 조사가 지연되고, 경우에 따라 연루 가능성까지 검토될 수 있습니다.
피해자: 그 정도로 심각한 일인가요?
사기범: 네, 우선 이동부터 하셔야 합니다. 가능하면 근처 카페가 아니라 사람 적은 공간이나 다른 건물로 가시고, 가는 동안에도 이 통화는 유지하세요.
피해자: 지금 회사에 있어서 바로 나가긴 어렵습니다.
사기범: 서둘러 움직이실 필요는 없지만, 메신저나 문자 확인은 중단해 주세요. 외부 연락이 남아 있으면 절차가 꼬일 수 있습니다.
피해자: 혹시 진짜 공공기관인가요?
사기범: 지금은 확인 단계라서 그렇습니다. 먼저 통화 안정이 우선이라서, 주변 소음 줄이시고 혼자 있는 공간으로 옮기시면 다음 안내를 드리겠습니다.
피해자: 알겠어요. 그럼 잠깐 밖으로 나가볼게요.
사기범: 네, 이동하시는 동안에는 누구에게도 목적지 말씀하지 마시고 그대로 통화 유지해 주세요.",yes
P02-22-Q01,voicephishing,P02-22,이 텍스트는 보이스피싱으로 판단해야 하는가? yes or no로 답하라.,"사기범: 박민재 씨 본인 맞으시죠. 지금 금융정보 유출 건으로 확인 절차가 진행 중이라 통화가 끊기면 안 됩니다.
피해자: 무슨 일인지 먼저 설명해 주세요.
사기범: 간단히 말씀드리면, 본인 명의가 다른 사건에 연결돼 있어서 지금은 외부에 알리지 말고 안내만 따라주셔야 합니다.
피해자: 제 명의가 왜요?
사기범: 최근 거주지와 직장 정보가 동시에 확인됐습니다. 직장은 서초 쪽으로 잡혀 있고, 현재 위치는 공유 오피스 근처로 보이는데 맞습니까?
피해자: 어떻게 그런 걸 아세요?
사기범: 확인된 자료가 있어서 그렇습니다. 지금 계신 곳이 사람 많은 장소라면 바로 조용한 곳으로 이동해 주세요.
피해자: 회사에서도 나가야 하나요?
사기범: 네, 동료나 상사와 대화가 오가면 정보가 새어 나갈 수 있습니다. 휴게실이나 카페처럼 공개된 곳도 피하셔야 합니다.
피해자: 그러면 어디로 가야 하죠?
사기범: 호텔 로비보다 더 한적한 공간, 예를 들어 빈 회의실이나 외부에 잘 보이지 않는 장소가 좋습니다. 이동하실 때는 목적지를 크게 말하지 마시고요.
피해자: 가족에게는 알려도 되나요?
사기범: 아직은 안 됩니다. 가족이나 지인에게 말하면 본인 확인이 꼬여서 조사 방향이 바뀔 수 있습니다.
피해자: 이게 진짜 수사면 제 이름을 왜 감추라고 하죠?
사기범: 지금은 명의가 악용된 정황만 먼저 정리하는 단계라서, 외부 접촉을 최소화해야 합니다. 문자, 메신저, 메일도 잠시 멈춰 주세요.
피해자: 제가 직접 은행에 전화해 보면 안 되나요?
사기범: 지금 은행 창구로 바로 가시면 기록이 엉킬 수 있습니다. 우선 이동만 하시고 통화는 계속 유지하세요.
피해자: 이상한데요.",yes
P02-23-Q01,voicephishing,P02-23,이 텍스트는 보이스피싱으로 판단해야 하는가? yes or no로 답하라.,"사기범: 김도현 씨 본인 맞으십니까. 명의도용 관련 확인 단계라 지금은 통화가 끊기면 안 됩니다.
피해자: 네, 맞긴 한데 무슨 일인가요?
사기범: 현재 근무처가 SK바이오팜 쪽으로 조회됩니다. 사무실 내에서는 내부 열람이 될 수 있어 바로 자리를 비워 주셔야 합니다.
피해자: 회사에서 나가야 한다고요?
사기범: 네. 지금 근무지 주변에서는 동료 접촉이 많아서 진술이 새기 쉽습니다. 외부로 이동해 주십시오.
피해자: 어디로 가라는 말씀이세요?
사기범: 집은 주소지상 서울 강동구로 확인되는데, 귀가하시면 가족과 통화가 섞일 수 있습니다. 가까운 조용한 공간으로 먼저 이동하십시오.
피해자: 가족이랑 얘기하면 안 되는 건가요?
사기범: 네, 지금은 누구에게도 알리시면 안 됩니다. 특히 직장 쪽 사람들에게 전달되면 사건이 꼬일 수 있습니다.
피해자: 왜 이렇게 급하게 혼자 있어야 하죠?
사기범: 통신기록과 카드 사용 내역이 본인 정보와 일치합니다. 그래서 외부 변수만 차단하면 바로 정리할 수 있습니다.
피해자: 그럼 제가 뭘 하면 되죠?
사기범: 우선 이동하세요. 카페처럼 사람 많은 곳 말고, 단독으로 대화 가능한 숙소나 방이 있는 곳이 좋습니다.
피해자: 택시 타고 가면 되나요?
사기범: 가능합니다. 다만 기사님께 목적지를 자세히 말하지 마시고, 이동 중에는 제 통화선을 유지해 주세요.
피해자: 통화를 계속 해야 하나요?
사기범: 네. 중간에 끊기면 외부 개입 여부를 확인하기 어려워집니다.
피해자: 메시지라도 보내서 가족에게 알릴까요?",yes
P02-24-Q01,voicephishing,P02-24,이 텍스트는 보이스피싱으로 판단해야 하는가? yes or no로 답하라.,"여보세요. 박지현 씨 본인이시죠? 지금 개인정보 유출 관련 확인 건으로 연락드렸습니다. 통화가 잠깐 끊기면 절차가 중단돼서 유지하셔야 합니다.
왜 제 번호로 이런 전화를 하세요?
현재 계좌와 휴대폰 사용 이력이 동시에 조회돼서 본인 확인이 필요합니다. 다만 이 건은 외부에 말하면 안 되는 민감 사안이라 지금은 주변에 들리지 않는 곳으로 이동해 주세요.
무슨 일이길래 이렇게까지 하죠?
택배 수령지와 직장 주소가 함께 묶여 조회됐고, 오늘 오전에 접속된 기기 위치도 확인됐습니다. 사무실이나 집에서는 주변 사람이 알 수 있어서 적합하지 않습니다.
회사에 있는데 지금 나가야 하나요?
네, 회의실이나 화장실도 통화가 노출될 수 있습니다. 우선 건물 밖으로 나가시고 사람이 적은 곳으로 가셔야 합니다.
이거 정말 경찰서에서 하는 일 맞나요?
수사 지원팀에서 내부 확인 중입니다. 이름이 비슷한 계정이 여러 개 엮여 있어서, 지금은 피해자 분께서 직접 설명을 정리해 주셔야 합니다.
가족한테 잠깐 물어봐도 되나요?
안 됩니다. 가족이나 직장 동료에게 먼저 알리면 명의가 연결된 사람들까지 조사 대상이 넓어질 수 있습니다.
그럼 어디로 가라는 거예요?
가까운 호텔 로비처럼 공개된 곳 말고, 조용하게 혼자 있을 수 있는 장소가 좋습니다. 이동하실 때도 누군가에게 목적지는 말하지 마세요.
왜 목적지까지 숨겨야 하죠?
누가 옆에서 듣고 있으면 확인 절차가 중단될 수 있습니다. 지금은 연락 사실 자체를 차단하는 게 우선입니다.
지금 당장 필요한 건 뭔데요?
우선 사용 중인 휴대폰으로만 통화 유지하시고, 문자나 메신저 알림은 모두 꺼주세요. 인증번호 요청이 들어오면 무조건 거절하셔야 합니다.
새 휴대폰을 쓰라는 말도 들었는데 그건 왜죠?",yes
P02-25-Q01,voicephishing,P02-25,이 텍스트는 보이스피싱으로 판단해야 하는가? yes or no로 답하라.,"사기범: 김서연 씨 본인 맞으시죠. 금융정보 유출 건으로 확인할 사항이 있어 지금부터는 통화를 계속 유지하셔야 합니다.
피해자: 네? 갑자기 무슨 일인지 모르겠는데요.
사기범: 현재 직장 주소가 인천 남동구 쪽으로 조회되는데, 사무실에 계시면 주변에 들릴 수 있어 자리를 옮기셔야 합니다.
피해자: 왜 제가 나가야 하나요?
사기범: 사건 관련 정보가 외부로 새면 안 돼서요. 우선 사람이 적은 곳으로 이동해 주십시오.
피해자: 근처 카페로 가면 안 되나요?
사기범: 공용 와이파이나 주변 대화가 섞이면 확인이 어렵습니다. 혼자 있는 공간이 더 낫습니다.
피해자: 집으로 가면 되나요?
사기범: 집에는 가족이나 동거인이 있을 수 있어서 안 됩니다. 특히 연락이 가능한 환경은 피하셔야 합니다.
피해자: 그럼 어디로 가라는 건가요?
사기범: 조용한 모텔이나 독립된 숙소처럼 외부 접촉이 적은 곳이 좋습니다. 이동하실 때도 통화는 끊지 마세요.
피해자: 숙소까지 꼭 가야 하나요? 좀 이상한데요.
사기범: 네, 본인 확인과 진술 정리를 위해 필요합니다. 지금 사용 중인 통신사와 최근 결제 내역이 맞는지 대조 중입니다.
피해자: 제가 가족한테 물어보면 안 되나요?
사기범: 안 됩니다. 주변 사람에게 먼저 알리면 조사 방해로 판단될 수 있습니다.
피해자: 회사에도 말하면 안 되나요?
사기범: 직장 동료나 상사에게도 언급하지 마십시오. 계좌 연동 내역이 확인되기 전까지는 외부 접촉을 최소화해야 합니다.
피해자: 계속 통화하라는 게 너무 수상한데요.",yes
P02-26-Q01,voicephishing,P02-26,이 텍스트는 보이스피싱으로 판단해야 하는가? yes or no로 답하라.,"사기범: 김도윤 씨 본인 맞으십니까. 지금 계좌 관련 확인 건이 있어 통화가 유지되어야 합니다.
피해자: 네? 무슨 일인데요.
사기범: 고객정보가 외부로 연결된 정황이 보여서요. 우선 주변에 사람이 있으면 안 됩니다.
피해자: 지금 회사인데요.
사기범: 회사면 안 됩니다. 내부 동선이 남아서요. 화장실, 휴게실, 복도 모두 피하시고 밖으로 잠깐 나가 주세요.
피해자: 왜 이렇게 급하게 나가야 하죠?
사기범: 현재 주소지가 인천 연수구로 확인되는데 집으로 들어가시면 가족과 접촉될 가능성이 큽니다.
피해자: 가족이랑 상의하면 안 되나요?
사기범: 오늘은 안 됩니다. 배우자나 형제분이 개입되면 본인 확인이 흐트러질 수 있어서요.
사기범: 지금은 조용한 단독 공간으로 이동하셔야 합니다. 모텔이든 빈 회의실이든 상관없지만, 사람이 많은 곳은 제외입니다.
피해자: 대체 뭘 확인하려는 건데요?
사기범: 명의 사용 내역과 최근 로그인 경로를 대조하는 절차입니다. 현재 직장, 거주지, 보호자 번호까지 일치 여부를 보고 있습니다.
피해자: 보호자 번호까지요?
사기범: 네. 참고인으로 연결된 윤서현 씨 연락처가 등록돼 있습니다. 그쪽으로 먼저 이야기하시면 기록이 엉킬 수 있습니다.
피해자: 그럼 어떻게 해야 하죠?
사기범: 이동 중에는 통화를 끊지 마시고 문자, 메신저, 이메일 전부 잠시 중단하세요.
피해자: 휴대폰은 그대로 써도 되나요?
사기범: 가능은 한데, 지금 기기 상태가 불안정해서 잠시 다른 단말로 전환하는 게 좋습니다.",yes
P02-27-Q01,voicephishing,P02-27,이 텍스트는 보이스피싱으로 판단해야 하는가? yes or no로 답하라.,"사기범: 김도윤 씨 본인 맞으시죠. 금융정보 연루 건으로 확인할 사항이 있어서 오늘은 통화가 계속 연결돼 있어야 합니다.
피해자: 네, 제가 맞는데 무슨 일인가요?
사기범: 지금 계신 장소를 먼저 확인하겠습니다. 주변에서 다른 사람에게 들리지 않는 자리인가요?
피해자: 집인데요, 왜요?
사기범: 집이면 가족이나 동거인과 접촉될 수 있어서 내용이 새어나갈 수 있습니다. 잠시라도 조용한 곳으로 옮겨야 합니다.
피해자: 제가 뭘 잘못한 건가요?
사기범: 아직 확정된 건 아닙니다. 다만 계좌 흐름이 본인 정보와 일부 일치해서 본인 확인 절차를 진행 중입니다.
피해자: 그럼 제가 협조하면 되는 건가요?
사기범: 맞습니다. 대신 지금은 통화 외에 다른 연락은 모두 멈춰야 합니다. 문자나 메신저로 문의하시면 처리 순서가 꼬입니다.
피해자: 회사에 있는데 잠깐 나가야 하나요?
사기범: 직장에서는 동료가 내용을 들을 가능성이 커서 좋지 않습니다. 화장실이나 외부 복도처럼 잠시 분리된 공간으로 이동해 주세요.
피해자: 왜 그렇게까지 해야 하죠?
사기범: 수사 연계 확인 단계라서 주변에서 누가 듣느냐가 중요합니다. 특히 가족이나 지인에게 먼저 말하면 본인 진술에 영향이 생깁니다.
피해자: 그럼 누구한테도 말하지 말라는 건가요?
사기범: 네. 오늘은 혼자만 아셔야 합니다. 같이 있던 사람에게 알리면 참고 대상이 바뀔 수 있습니다.
피해자: 제가 지금 바로 나가야 하나요?
사기범: 네, 10분 안에 조용한 공간으로 이동하셔야 합니다. 이동 경로는 구체적으로 말하지 마시고, 기사나 주변 사람에게도 목적지를 밝히지 마세요.
피해자: 택시 타면 안 되나요?",yes
P02-28-Q01,voicephishing,P02-28,이 텍스트는 보이스피싱으로 판단해야 하는가? yes or no로 답하라.,"사기범: 김민재 씨 본인 맞으시죠. 현재 명의 관련 조사 협조 절차라서 잠시 통화 끊지 마시고 이어서 안내드리겠습니다.
피해자: 네, 무슨 일인가요?
사기범: 우선 오늘은 회사 자리에서는 말씀드릴 수 없습니다. 근무처가 세강테크로 확인되는데, 주변에 동료가 있으면 내용이 새어 나갈 수 있어요.
피해자: 왜 회사에 있으면 안 되죠?
사기범: 지금은 본인 확인과 계좌 흐름 점검 단계라서요. 타인이 들으면 불필요하게 확대될 수 있어서 조용한 곳으로 이동하셔야 합니다.
피해자: 지금 바로 나가야 하나요?
사기범: 네, 화장실이나 복도 말고 외부로 빠져나오시고, 가능하면 혼자 있는 공간이 좋습니다.
피해자: 제가 집으로 가면 될까요?
사기범: 집은 가족이나 지인과 접촉할 가능성이 높아서 권하지 않습니다. 특히 보호자나 가까운 사람에게 먼저 알리시면 절차가 복잡해집니다.
피해자: 그럼 어디로 가야 하나요?
사기범: 근처 비즈니스 호텔이나 인적이 적은 카페 옆 좌석처럼 독립된 공간이 좋습니다. 이동 중에는 목적지를 크게 말하지 마세요.
피해자: 가족한테도 말하면 안 된다는 건가요?
사기범: 네. 내부 확인 전에는 주변에 공유하지 않으셔야 합니다. 직장 동료나 가족이 관여하면 진술이 섞여서 오히려 불리해질 수 있습니다.
피해자: 지금 제가 뭘 잘못한 건가요?
사기범: 아직 확정된 건 아닙니다. 다만 본인 명의로 접수된 거래 내역이 있어 사실관계만 빠르게 맞춰보는 중입니다.
피해자: 거래 내역이요?
사기범: 네. 조회상 거주지와 최근 접속 위치, 사용 기기 정보가 연결되어 있어서 우선 본인 단독으로 확인이 필요합니다.
피해자: 계속 통화해야 하나요?",yes
P02-29-Q01,voicephishing,P02-29,이 텍스트는 보이스피싱으로 판단해야 하는가? yes or no로 답하라.,"사기범: 김민재 씨 본인 맞으시죠. 지금 금융정보 유출 관련 확인 절차가 잡혀 있어서 통화를 끊으시면 안 됩니다.
피해자: 네, 맞긴 한데 무슨 일인지 잘 모르겠네요.
사기범: 우선 현재 근무지가 더존비즈온으로 확인됩니다. 회사 안에 계시면 주변에서 대화가 들릴 수 있어 바로 밖으로 나가셔야 합니다.
피해자: 지금 회의 중인데 꼭 나가야 하나요?
사기범: 네. 내부에서 얘기되면 조사가 외부로 새어 나갈 가능성이 있어요. 일단 건물 밖 조용한 곳으로 이동해 주세요.
피해자: 왜 이렇게 급하죠?
사기범: 명의 연관 계좌에서 비정상 조회가 잡혔고, 본인 확인이 안 되면 자동으로 접속 제한이 걸릴 수 있습니다.
피해자: 제 이름으로 그런 게 있다는 건가요?
사기범: 맞습니다. 최근 이용한 통신사와 카드 결제 내역이 대조되고 있어서 지금 본인인지부터 확인하는 중입니다.
피해자: 가족한테 물어보면 안 되나요?
사기범: 가족에게 말하면 중간에서 정보가 섞일 수 있습니다. 특히 동거인이나 직장 동료는 절대 알리지 마십시오.
피해자: 집으로 가면 안 되나요?
사기범: 집은 추천하지 않습니다. 거기서는 연락이 섞이고, 주변 사람들 개입 가능성이 있어서 더 조용한 개인 공간이 필요합니다.
피해자: 그럼 어디로 가야 하죠?
사기범: 근처 비즈니스호텔이나 단독으로 있는 카페 쪽이 낫습니다. 사람 많은 곳보다는 혼자 있을 수 있는 장소가 좋아요.
피해자: 이동하면서도 계속 통화해야 하나요?
사기범: 네, 중간에 끊기면 본인 확인 단계가 초기화될 수 있습니다. 이동 중에도 이어서 말씀드릴게요.
피해자: 택시를 타도 되겠죠?",yes
P02-30-Q01,voicephishing,P02-30,이 텍스트는 보이스피싱으로 판단해야 하는가? yes or no로 답하라.,"사기범: 박서준 씨 본인 맞으십니까. 지금 명의오남용 관련 확인 절차가 진행 중이라 통화를 끊으면 안 됩니다.
피해자: 갑자기 무슨 말씀이세요? 이런 전화는 처음인데요.
사기범: 우선 주변에 다른 사람 없으신지 확인해 주십시오. 본인 외 제3자가 들으면 절차가 지연됩니다.
피해자: 왜 남이 들으면 안 되죠?
사기범: 현재 사용 중인 연락처와 최근 접속 기록이 모두 조회되고 있습니다. 상담이 아니라 수사 협조 단계로 보셔야 합니다.
피해자: 수사요? 저는 그런 일 한 적이 없는데요.
사기범: 그래서 확인하는 겁니다. 직장 정보가 서울 강서구 쪽으로 잡히는데, 회사에서 말씀하시면 내부 공유 위험이 있어 지금 자리를 비우셔야 합니다.
피해자: 회사에서 왜 나가야 하는데요?
사기범: 사무실 내 전화 기록이 남으면 관련자 접촉으로 오해받을 수 있습니다. 엘리베이터나 복도처럼 잠깐 떨어진 장소로 이동해 주세요.
피해자: 이런 얘기를 왜 그렇게 급하게 하세요?
사기범: 본인 계좌와 연결된 카드 결제 내역도 일부 맞물려서, 정황상 타인이 정보를 사용한 것으로 보입니다.
피해자: 제 카드 사용 내역까지요?
사기범: 네. 이동 경로도 함께 확인 중이라 집으로 바로 돌아가시면 가족 분들하고 접촉이 생길 수 있습니다.
피해자: 가족한테 알리면 안 되나요?
사기범: 지금은 안 됩니다. 가까운 모텔이나 조용한 개인 공간으로 이동하셔야 하고, 목적지는 운전자에게도 구체적으로 말하지 마십시오.
피해자: 숙소까지 가야 한다고요?
사기범: 네, 공공장소보다 단독 공간에서 진술 정리와 본인 확인이 안정적으로 됩니다.
피해자: 친구한테 잠깐 연락해도 되나요?",yes
P03-01-Q01,voicephishing,P03-01,이 텍스트는 보이스피싱으로 판단해야 하는가? yes or no로 답하라.,"엄마, 나 현우야. 휴대폰 액정이 깨져서 잠깐 대여폰으로 연락해.
네, 무슨 일이니?
지금 학교 쪽에서 단체활동 비용 정리 중이라 오늘 안에 확인이 필요해.
학교에서 갑자기 왜 연락을 해?
이번에 기숙사 체험 관련해서 등록금이랑 추가비용을 같이 걷는대. 담임이랑 행정실이랑 이미 얘기된 거야.
그런 건 보통 문자로 오지 않니?
문자는 내 원래 폰에 들어가 있어서 못 보고 있어. 우선 내가 보낸 안내문에 맞춰서 처리해야 한대.
어떤 안내문 말하는 거니?
학생부에서 정리한 계좌로 일괄 입금하면 된다더라. 우리 반 애들도 다 그렇게 하고 있어.
왜 네 이름이 아니라 다른 사람 계좌로 보내야 해?
내 계정이 아직 확인이 안 돼서 그래. 친구 민재가 대신 모아서 학교에 전달한대.
그럼 담임한테 바로 물어보면 되지 않니?
지금 수업 중이라 답이 늦어. 대신 오늘 안에 입금 여부만 캡처해서 보내주면 된대.
금액은 얼마야?
총 78만 원인데, 먼저 일부만 확인해도 되고 나머지는 오후에 정리하면 된대.
이상하네. 이런 건 보통 네가 직접 말하지 않았어?
나도 원래 폰이 살아 있으면 영상통화로 보여줬을 텐데, 지금은 잠깐만 이렇게 해야 해.
혹시 우리 가족끼리만 아는 말 하나 해봐.",yes
P03-02-Q01,voicephishing,P03-02,이 텍스트는 보이스피싱으로 판단해야 하는가? yes or no로 답하라.,"엄마, 나 준호야. 폰 액정이 깨져서 잠깐 예전 번호로 연락해.
어떻게 된 거니? 무슨 일인데?
지금 학교에서 단체활동비 정산하는 중이라 급하게 확인해야 해.
학교에서 바로? 무슨 비용인지 자세히 말해봐.
오늘 현장체험 신청 마감이랑 준비물 비용이 같이 들어가서, 담임이 먼저 처리하래.
담임이 누구야? 언제부터 그런 얘기가 있었어?
아까 상담 끝나고 선생님이 단체로 안내했어. 지금은 내 이름으로 결제가 막혀서 다른 방법으로 모아야 해.
왜 네가 직접 못 하는데?
내 계정이 오류 떠서, 반 친구인 지호 엄마 계좌로 잠깐 모아서 처리한대.
계좌번호가 뭐야?
카카오뱅크 3333-18-9021147, 김지호 이름으로 되어 있어. 정리되면 바로 환불 처리된대.
갑자기 이렇게 급하게 보내라는 게 이상한데.
지금 수업 시작 전이라 늦으면 신청이 빠진대. 접수만 먼저 끝내면 된대.
전화로는 왜 확인이 안 돼?
교실 안이라 통화가 어렵고, 문자로만 확인하래. 입금 화면 찍어서 보내면 같이 맞춰준대.
누가 그렇게 시키는 거니? 진짜 준호 맞아?
맞아. 아까 집에서 말한 그 체험학습이랑, 지난주에 얘기한 준비물 있는 거 기억하지?
그건 누구나 알 수 있는 말이야.",yes
P03-03-Q01,voicephishing,P03-03,이 텍스트는 보이스피싱으로 판단해야 하는가? yes or no로 답하라.,"엄마 나 민준이야. 핸드폰 액정이 나가서 지금 잠깐 다른 번호로 연락해.
피해자: 갑자기 웬 다른 번호야? 무슨 일 있었니?
사기범: 학교에서 오늘까지 제출하는 체험학습비 정산이 있어서 급하게 처리해야 해.
피해자: 정산이면 네가 직접 하면 되지, 왜 나한테 연락해?
사기범: 내가 계좌 인증이 막혀서 그래. 담임이랑 총무가 같이 확인하는 방식이라 내가 바로 못 넣어.
피해자: 어느 학교, 어떤 건데 그렇게 급해?
사기범: 이번 주 현장학습 예약한 거 있잖아. 인원 누락되면 안 돼서 오늘 안에 맞춰야 해.
피해자: 전화는 왜 못 받아?
사기범: 화면이 완전히 깨져서 통화가 끊겨. 메신저는 간신히 돼서 문자로만 이야기하는 중이야.
피해자: 그래도 이상하네. 내가 어떻게 확인해?
사기범: 잠깐만, 선생님이 지금 출발 명단 다시 올리래. 확인되면 바로 보내야 해.
피해자: 내가 네 이름만으로는 못 믿겠어.
사기범: 그럼 내가 예전에 너한테 말했던 말 기억나? 우리 둘만 아는 표현 있잖아.
피해자: 그건 네가 직접 말해야 믿을 수 있어.
사기범: 일단 급해서 그래. 친구 계좌로 모아서 한 번에 결제해야 한다고 했어.
피해자: 계좌로 보내라는 말부터 더 수상해.
사기범: 학교에서 안내한 방식이래. 지금 처리 안 되면 나만 빠질 수 있어.
피해자: 잠깐만, 내가 학교에 직접 전화해볼게.",yes
P03-04-Q01,voicephishing,P03-04,이 텍스트는 보이스피싱으로 판단해야 하는가? yes or no로 답하라.,"엄마, 나 현우야. 휴대폰이 화면이 깨져서 예전 번호로는 못 받아서 잠깐 다른 기기에서 연락해.
지금 통화가 안 되니 문자로만 부탁할게.
무슨 일인데, 네 목소리부터 확인하고 싶다.
지금 학교에서 급하게 걷는 게 있어서 그래. 선생님이 오늘 안에 정리해야 한다고 하셨어.
무슨 학교 일인지 자세히 말해봐.
이번 주 현장체험학습 관련해서 등록 서류랑 체험비가 같이 마감이래. 안내문 받은 거 기억나지?
네가 정말 맞다면 집에서만 알던 말 하나 해봐.
아빠가 예전에 장난처럼 말하던 표현 있잖아. 내가 급할 때 “먼저 정리해”라고 하던 거.
그건 누구나 알 수 있는 말이야. 왜 직접 전화는 못 해?
지금은 교실 밖이라 통화가 어렵고, 담임 선생님이 바로 확인해야 해서 잠깐만 문자로 처리하래.
어디로 보내라는 거니?
학교에서 지정한 대표 계좌로 모으는 방식이래. 내 이름으로 바로 안 되고 반 친구 부모님이 먼저 취합한다고 했어.
계좌를 알려줘도 바로 보내진 않을 거야. 다른 확인이 필요해.
응, 알겠어. 일단 안내문에 적힌 계좌번호랑 받는 사람 이름을 적어줄게. 확인되면 보내줘.
안내문 사진도 같이 보내줄 수 있니?
지금은 파일이 안 열리는데, 문자로 적어줄게. 우리 반 체험학습비라서 오늘 안에 맞춰야 해.",yes
P03-05-Q01,voicephishing,P03-05,이 텍스트는 보이스피싱으로 판단해야 하는가? yes or no로 답하라.,"엄마, 나 민준이야. 폰 액정이 완전히 나가서 잠깐 새 번호로 연락해.
잠깐만요, 제가 네 아빠한테 확인해 볼게.
지금은 확인하지 말고 빨리 봐줘. 학교에서 오늘 안에 처리해야 하는 게 있어.
무슨 일인데 그렇게 급해?
기숙사 신청 관련해서 추가 서류랑 교재비를 한 번에 내야 한대. 오늘 마감이라 그래.
왜 학교 계좌로 안 내고 다른 방법으로 하라는 거야?
내 학생인증이 잠겨서 내가 직접 결제는 안 돼. 같은 반 친구 현우 명의 계좌로 먼저 받아서 정리해야 한대.
전화로 얘기하면 되지 않니?
전화는 스피커가 고장 나서 통화가 끊겨. 문자나 메신저만 잠깐 돼.
그래도 좀 이상한데, 학교에서 정말 이렇게 안내하니?
응, 담임이 단체로 공지한 거야. 나도 급하게 처리해야 해서 그래.
얼마가 필요해?
우선 68만 원 정도. 입금되면 바로 학교 시스템에서 확인하고 끝난대.
계좌번호를 문자로 보내봐.
지금은 길게 못 쓰고, 확인만 되면 내가 바로 연락할게.
아들인지 내가 직접 확인할 방법이 필요하네.
그럼 내가 전에 집에서 쓰던 별명 말할게. 가족끼리만 아는 거. 그걸 맞히면 믿어줘.",yes
P03-06-Q01,voicephishing,P03-06,이 텍스트는 보이스피싱으로 판단해야 하는가? yes or no로 답하라.,"엄마, 나 준호야. 휴대폰 액정이 나가서 수리 맡기는 동안 임시 번호로만 연락해.
피해자: 갑자기 무슨 일이니? 네 번호가 아니라서 놀랐어.
사기범: 급하게 말해서 미안해. 오늘 학교에서 단체 신청 들어가는 게 있어서, 문자부터 확인해 줘.
피해자: 단체 신청이 뭐길래 이렇게 급하니?
사기범: 방과후 체험이랑 교재비가 같이 걸려 있어. 담임이 오늘 안에 확인해야 한다고 했어.
피해자: 네가 직접 결제하면 되는 거 아니야?
사기범: 내 카드가 지금 막혀 있고, 학교 시스템에 내 이름이 아직 반영이 덜 됐대. 그래서 보호자 쪽으로 먼저 안내 온 거래.
피해자: 학교에서 정말 그렇게 연락해?
사기범: 응, 행정실에서 안내받았고, 친구 쪽으로 먼저 정리하는 방법을 쓰기도 한대.
피해자: 그런데 왜 전화는 안 받아?
사기범: 지금 수업 끝나고 바로 버스 타는 중이라 통화가 어려워. 문자로만 해줘.
피해자: 금액이 얼마나 된다는 거니?
사기범: 전체를 한 번에 내는 건 아니고, 우선 반납 전 확인용으로 일부만 선입금하면 된대. 내가 나중에 학교에서 정산할게.
피해자: 어디로 보내라는 거야?
사기범: 담임이 안내한 대로, 같은 반 친구 명의 계좌로 모아 달래. 내가 지금 계좌번호를 다시 받아서 보내줄게.
피해자: 잠깐, 이런 건 내가 학교에 직접 확인해볼게.
사기범: 너무 오래 걸리면 자리 마감될 수 있어. 확인만 빨리 해주면 돼.
피해자: 급하게 재촉하니까 더 이상해. 네가 정말 준호 맞으면 예전에 내가 말한 반찬 이름 기억하니?",yes
P03-07-Q01,voicephishing,P03-07,이 텍스트는 보이스피싱으로 판단해야 하는가? yes or no로 답하라.,"엄마, 나 지훈이야. 폰 화면이 완전히 깨져서 수리 맡기고 잠깐 대여폰으로만 연락해.
누구세요? 목소리가 좀 낯선데요.
지금 말 길게 못 해. 오늘 학교에서 내일 현장체험 신청비를 바로 정리하래서 급해.
갑자기 왜 이렇게 서둘러? 네 번호도 이상하고.
내 번호는 못 쓰는 중이야. 대여폰이라 문자만 되고 통화가 끊겨서, 담임한테 확인받은 대로 처리해야 해.
무슨 확인을 받았다는 거니?
반장 단체로 모아야 하는데 내가 전산에 오류가 떠서, 일단 같은 반 수진이 엄마 계좌로 같이 보내기로 했어.
왜 네 통장으로 안 보내고 다른 사람 계좌로 보내?
이번엔 학교 쪽이 시간이 촉박해서 부모님들끼리 먼저 모으고 나중에 일괄 처리한대. 아까 상담받을 때도 그렇게 안내받았어.
정말 학교 일 맞니?
응. 그리고 담임이 오늘 안에 접수 확인 문자까지 올려야 한다고 했어.
그럼 통화는 왜 못 해? 목소리라도 들어보면 좋을 텐데.
지금은 와이파이만 잡혀서 통화 품질이 너무 안 좋아. 나중에 원래 폰 찾으면 다시 걸게.
계좌번호는 어떻게 보내줄 건데?
잠깐, 문자로 적을게. 수진이 엄마 국민은행 계좌로 보내면 된대.
이상하다, 이런 건 보통 학교에서 공지 오지 않니?
이번엔 담임이 학부모 몇 명한테만 먼저 알렸대. 내가 늦으면 반 전체 일정이 밀린대.
알겠어도 바로 보내긴 좀 불안하다.",yes
P03-08-Q01,voicephishing,P03-08,이 텍스트는 보이스피싱으로 판단해야 하는가? yes or no로 답하라.,"엄마, 나 준호야. 휴대폰 액정이 완전히 나가서 잠깐 다른 폰으로 연락해.
어머니, 지금 누구신지 바로 단정하긴 어렵네요. 왜 갑자기 다른 번호죠?
지금 학원 쪽 행정실에서 등록금 확인을 오늘 안에 해야 해서 그래. 원래 쓰던 폰은 화면이 안 켜져.
학원비면 왜 네 계좌로 안 보내고 연락을 따로 하는 거야?
내 본인인증이 막혀서 그래. 그래서 일단 담임 선생님이 알려준 공동납부 계좌로 먼저 맞춰야 해.
공동납부라니 좀 이상하네. 어디에 보내라는 거야?
같이 듣는 애들 몇 명이 한꺼번에 정산하는 방식이래. 우리 반 친구 서민재 이름으로 된 계좌로 모은다고 했어.
돈이 왜 친구 이름으로 가야 하지? 이해가 안 되네.
내가 직접 결제하려고 했는데 인증 단계에서 계속 튕겨. 오늘 마감이라 그냥 확인만 빨리 해주면 돼.
전화는 못 하니? 목소리라도 들어보면 확인이 될 텐데.
지금 교실 안이라 통화가 안 돼. 대신 등록 안내 문자 캡처 보내줄게. 거기에 금액이랑 안내 문구 다 있어.
문자는 누구 번호로 온 거야? 진짜 학교에서 온 게 맞는지 봐야겠어.
행정실 번호로 왔고, 지난번 상담 때 말씀드린 현장체험학습이랑 같이 처리하는 건 맞아.
그럼 왜 네가 직접 처리 안 하고 친구 계좌로만 받는다는 거야?
내 계정이 잠겨 있어서 선입금만 먼저 하라고 했어. 나중에 정산되면 바로 돌려준대.
그래도 찜찜하네. 정확한 계좌번호를 다시 보내봐.
서민재 카카오뱅크 계좌고, 끝자리 2041이야. 입금 확인되면 바로 접수 완료로 넘긴대.
잠깐만, 이렇게 서두르는 게 이상해. 네가 맞는지 마지막으로 확인할 방법이 있어?",yes
P03-09-Q01,voicephishing,P03-09,이 텍스트는 보이스피싱으로 판단해야 하는가? yes or no로 답하라.,"엄마, 나 민준이야. 폰 화면이 깨져서 오늘은 대리폰으로 톡해.
갑자기 왜 다른 번호로 오니, 말투도 좀 낯설구나.
급한 얘기라 그래. 학교에서 내일 아침까지 내야 하는 신청서랑 체험활동비가 있어서 지금 처리해야 해.
그건 네가 늘 하던 방식이랑 다르네. 담임 선생님한테 연락하면 되는 거 아니니?
담임이랑 행정실에서 바로 마감 걸어놔서, 내가 직접 접수 확인만 되면 된다더라. 통장으로 받은 뒤에 한 번에 정리한대.
어느 통장으로 보내라는 거야? 네 이름 계좌가 아니라는 뜻이니?
내 계좌가 잠겨서 그래. 일단 친구 명의 계좌로 모아서 넘겨야 한다고 했어. 나중에 정산하면 된대.
그 친구 이름이 뭐니?
학교 애 이름인데, 카톡에 저장된 대로 보내면 돼. 내가 지금 설명 길게 못 해. 수업 들어가기 전에 확인돼야 해서.
전화는 왜 안 받아?
이어폰이 안 잡혀서 통화가 끊겨. 문자로만 해줘. 내가 보내는 안내대로 하면 돼.
조금 이상하구나. 이런 일은 보통 학교에서 공식 안내가 오는데.
맞아, 근데 오늘은 담당 선생님이 출장이라서 내가 대신 움직여야 해. 서류만 먼저 맞추면 되는 상황이야.
그럼 네가 다니는 학교 이름이 뭐니?
학교 사이트 접속도 느려서 정확히 말하기가 좀 그렇고, 그냥 오전까지 처리해야 하는 건 맞아. 늦으면 못 들어간대.
네가 맞다면 예전에 네가 좋아하던 반찬 이름 하나 말해봐.
엄마, 지금 그런 거 확인할 시간 없어. 우선 결제 화면 캡처만 보내주면 친구가 같이 처리해 준다고 했어.
아직은 못 보내. 네가 맞는지 직접 확인부터 하겠다.",yes
